Workbook

Sheet Rosters (FINAL)
A1: Team # | B1: Team | C1: Captain | D1: Initials | E1: Golfer 1 | F1: Golfer 2 | G1: Golfer 3 | H1: Golfer 4 | I1: Golfer 5 | J1: Golfer 6 | K1: Golfer 7 | L1: Golfer 8
A2: 1 | B2: Just when I thought I was out, they pull me back in | C2: Paul Castergine | D2: PC | E2: Ludvig Aberg | F2: Brooks Koepka | G2: Tommy Fleetwood | H2: Patrick Cantlay | I2: Sergio Garcia | J2: Sergio Garcia | K2: Jordan Spieth | L2: Cameron Young
A3: 2 | B3: Subpar Effort | C3: Nick Hooten | D3: NH | E3: Xander Schauffele | F3: Xander Schauffele | G3: Brooks Koepka | H3: Brooks Koepka | I3: Tony Finau | J3: Tony Finau | K3: Cameron Young | L3: Maverick McNealy
A4: 3 | B4: Minnesota Miracle | C4: Thad Williams | D4: TW | E4: Collin Morikawa | F4: Hideki Matsuyama | G4: Hideki Matsuyama | H4: Brooks Koepka | I4: Robert MacIntyre | J4: Will Zalatoris | K4: Phil Mickelson | L4: Laurie Canter
A5: 4 | B5: Play the fade | C5: Dan Riordan | D5: DR | E5: Ludvig Aberg | F5: Justin Thomas | G5: Hideki Matsuyama | H5: Russell Henley | I5: Akshay Bhatia | J5: Akshay Bhatia | K5: Corey Conners | L5: Lucas Glover
A6: 5 | B6: I Need A Pain Sponge | C6: Rob Schoen | D6: RS | E6: Justin Thomas | F6: Justin Thomas | G6: Shane Lowry | H6: Russell Henley | I6: Russell Henley | J6: Robert MacIntyre | K6: Min Woo Lee | L6: Will Zalatoris
A7: 6 | B7: Fire Nico | C7: Dan Lahrman | D7: DL | E7: Viktor Hovland | F7: Viktor Hovland | G7: Jordan Spieth | H7: Jordan Spieth | I7: Hideki Matsuyama | J7: Hideki Matsuyama | K7: Jason Day | L7: Jason Day
A8: 7 | B8: Gold Jacket, Green Jacket… | C8: Jon Schreiber | D8: JS | E8: Collin Morikawa | F8: Collin Morikawa | G8: Collin Morikawa | H8: Patrick Reed | I8: Maverick McNealy | J8: Cameron Young | K8: Stephan Jaeger | L8: Max Greyserman
A9: 8 | B9: LaPlant | C9: Matt LaPlant | D9: ML | E9: Xander Schauffele | F9: Xander Schauffele | G9: Bryson DeChambeau | H9: Shane Lowry | I9: Corey Conners | J9: Sepp Straka | K9: No Player | L9: No Player
A10: 9 | B10: Henley and the Double Eagles | C10: Adrian Chan | D10: AC | E10: Collin Morikawa | F10: Collin Morikawa | G10: Russell Henley | H10: Robert MacIntyre | I10: Robert MacIntyre | J10: Will Zalatoris | K10: Will Zalatoris | L10: No Player
A11: 10 | B11: The Long Irons | C11: Kathryn Michalewicz | D11: KM | E11: Rory McIlroy | F11: Tommy Fleetwood | G11: Viktor Hovland | H11: Min Woo Lee | I11: Matthieu Pavon | J11: No Player | K11: No Player | L11: No Player
A12: 11 | B12: Every day in Moving Day | C12: James Fetch | D12: JF | E12: Jon Rahm | F12: Bryson DeChambeau | G12: Brooks Koepka | H12: Jordan Spieth | I12: Patrick Reed | J12: Justin Rose | K12: Nicolai Højgaard | L12: Harris English
A13: 12 | B13: Lafferty, Daniel | C13: Brad McLaughlin | D13: BM | E13: Ludvig Aberg | F13: Collin Morikawa | G13: Viktor Hovland | H13: Bryson DeChambeau | I13: Tony Finau | J13: Nick Dunlap | K13: No Player | L13: No Player
... A40: 39 | B40: The Chipinskis | C40: Peter Sharpe | D40: PS | E40: Collin Morikawa | F40: Xander Schauffele | G40: Tom Hoge | H40: Tyrrell Hatton | I40: Min Woo Lee | J40: Shane Lowry | K40: Brian Harman | L40: Corey Conners

Sheet Round 1 Scores
A1: Team # | B1: Team | C1: Captain | D1: Initials | E1: Golfer 1 | G1: Golfer 2 | I1: Golfer 3 | K1: Golfer 4 | M1: Golfer 5 | O1: Golfer 6 | Q1: Golfer 7 | S1: Golfer 8 | U1: SCORE
A2: 1 | B2: Just when I thought I was out, they pull me back in | C2: Paul Castergine | D2: PC | E2: Ludvig Aberg | F2: =+VLOOKUP(E2,scoring!$U$10:$AA$105,3,FALSE)-72 -> -4 | G2: Brooks Koepka | H2: =+VLOOKUP(G2,scoring!$U$10:$AA$105,3,FALSE)-72 -> 2 | I2: Tommy Fleetwood | J2: =+VLOOKUP(I2,scoring!$U$10:$AA$105,3,FALSE)-72 -> 1 | K2: Patrick Cantlay | L2: =+VLOOKUP(K2,scoring!$U$10:$AA$105,3,FALSE)-72 -> 2 | M2: Sergio Garcia | N2: =+VLOOKUP(M2,scoring!$U$10:$AA$105,3,FALSE)-72 -> 0 | O2: Sergio Garcia | P2: =+VLOOKUP(O2,scoring!$U$10:$AA$105,3,FALSE)-72 -> 0 | Q2: Jordan Spieth | R2: =+VLOOKUP(Q2,scoring!$U$10:$AA$105,3,FALSE)-72 -> 1 | S2: Cameron Young | T2: =+VLOOKUP(S2,scoring!$U$10:$AA$105,3,FALSE)-72 -> 0 | U2: =IFERROR(SMALL(E2:T2,1)+SMALL(E2:T2,2)+SMALL(E2:T2,3),IFERROR(SMALL(E2:T2,1)+SMALL(E2:T2,2),IFERROR(SMALL(E2:T2,1),"-"))) -> -4
A3: 2 | B3: Subpar Effort | C3: Nick Hooten | D3: NH | E3: Xander Schauffele | F3: =+VLOOKUP(E3,scoring!$U$10:$AA$105,3,FALSE)-72 -> 1 | G3: Xander Schauffele | H3: =+VLOOKUP(G3,scoring!$U$10:$AA$105,3,FALSE)-72 -> 1 | I3: Brooks Koepka | J3: =+VLOOKUP(I3,scoring!$U$10:$AA$105,3,FALSE)-72 -> 2 | K3: Brooks Koepka | L3: =+VLOOKUP(K3,scoring!$U$10:$AA$105,3,FALSE)-72 -> 2 | M3: Tony Finau | N3: =+VLOOKUP(M3,scoring!$U$10:$AA$105,3,FALSE)-72 -> 3 | O3: Tony Finau | P3: =+VLOOKUP(O3,scoring!$U$10:$AA$105,3,FALSE)-72 -> 3 | Q3: Cameron Young | R3: =+VLOOKUP(Q3,scoring!$U$10:$AA$105,3,FALSE)-72 -> 0 | S3: Maverick McNealy | T3: =+VLOOKUP(S3,scoring!$U$10:$AA$105,3,FALSE)-72 -> 0 | U3: =IFERROR(SMALL(E3:T3,1)+SMALL(E3:T3,2)+SMALL(E3:T3,3),IFERROR(SMALL(E3:T3,1)+SMALL(E3:T3,2),IFERROR(SMALL(E3:T3,1),"-"))) -> 1
A4: 3 | B4: Minnesota Miracle | C4: Thad Williams | D4: TW | E4: Collin Morikawa | F4: =+VLOOKUP(E4,scoring!$U$10:$AA$105,3,FALSE)-72 -> 0 | G4: Hideki Matsuyama | H4: =+VLOOKUP(G4,scoring!$U$10:$AA$105,3,FALSE)-72 -> 1 | I4: Hideki Matsuyama | J4: =+VLOOKUP(I4,scoring!$U$10:$AA$105,3,FALSE)-72 -> 1 | K4: Brooks Koepka | L4: =+VLOOKUP(K4,scoring!$U$10:$AA$105,3,FALSE)-72 -> 2 | M4: Robert MacIntyre | N4: =+VLOOKUP(M4,scoring!$U$10:$AA$105,3,FALSE)-72 -> 3 | O4: Will Zalatoris | P4: =+VLOOKUP(O4,scoring!$U$10:$AA$105,3,FALSE)-72 -> 2 | Q4: Phil Mickelson | R4: =+VLOOKUP(Q4,scoring!$U$10:$AA$105,3,FALSE)-72 -> 3 | S4: Laurie Canter | T4: =+VLOOKUP(S4,scoring!$U$10:$AA$105,3,FALSE)-72 -> 5 | U4: =IFERROR(SMALL(E4:T4,1)+SMALL(E4:T4,2)+SMALL(E4:T4,3),IFERROR(SMALL(E4:T4,1)+SMALL(E4:T4,2),IFERROR(SMALL(E4:T4,1),"-"))) -> 2
A5: 4 | B5: Play the fade | C5: Dan Riordan | D5: DR | E5: Ludvig Aberg | F5: =+VLOOKUP(E5,scoring!$U$10:$AA$105,3,FALSE)-72 -> -4 | G5: Justin Thomas | H5: =+VLOOKUP(G5,scoring!$U$10:$AA$105,3,FALSE)-72 -> 1 | I5: Hideki Matsuyama | J5: =+VLOOKUP(I5,scoring!$U$10:$AA$105,3,FALSE)-72 -> 1 | K5: Russell Henley | L5: =+VLOOKUP(K5,scoring!$U$10:$AA$105,3,FALSE)-72 -> 7 | M5: Akshay Bhatia | N5: =+VLOOKUP(M5,scoring!$U$10:$AA$105,3,FALSE)-72 -> -2 | O5: Akshay Bhatia | P5: =+VLOOKUP(O5,scoring!$U$10:$AA$105,3,FALSE)-72 -> -2 | Q5: Corey Conners | R5: =+VLOOKUP(Q5,scoring!$U$10:$AA$105,3,FALSE)-72 -> -4 | S5: Lucas Glover | T5: =+VLOOKUP(S5,scoring!$U$10:$AA$105,3,FALSE)-72 -> 6 | U5: =IFERROR(SMALL(E5:T5,1)+SMALL(E5:T5,2)+SMALL(E5:T5,3),IFERROR(SMALL(E5:T5,1)+SMALL(E5:T5,2),IFERROR(SMALL(E5:T5,1),"-"))) -> -10
A6: 5 | B6: I Need A Pain Sponge | C6: Rob Schoen | D6: RS | E6: Justin Thomas | F6: =+VLOOKUP(E6,scoring!$U$10:$AA$105,3,FALSE)-72 -> 1 | G6: Justin Thomas | H6: =+VLOOKUP(G6,scoring!$U$10:$AA$105,3,FALSE)-72 -> 1 | I6: Shane Lowry | J6: =+VLOOKUP(I6,scoring!$U$10:$AA$105,3,FALSE)-72 -> -1 | K6: Russell Henley | L6: =+VLOOKUP(K6,scoring!$U$10:$AA$105,3,FALSE)-72 -> 7 | M6: Russell Henley | N6: =+VLOOKUP(M6,scoring!$U$10:$AA$105,3,FALSE)-72 -> 7 | O6: Robert MacIntyre | P6: =+VLOOKUP(O6,scoring!$U$10:$AA$105,3,FALSE)-72 -> 3 | Q6: Min Woo Lee | R6: =+VLOOKUP(Q6,scoring!$U$10:$AA$105,3,FALSE)-72 -> -1 | S6: Will Zalatoris | T6: =+VLOOKUP(S6,scoring!$U$10:$AA$105,3,FALSE)-72 -> 2 | U6: =IFERROR(SMALL(E6:T6,1)+SMALL(E6:T6,2)+SMALL(E6:T6,3),IFERROR(SMALL(E6:T6,1)+SMALL(E6:T6,2),IFERROR(SMALL(E6:T6,1),"-"))) -> -1
A7: 6 | B7: Fire Nico | C7: Dan Lahrman | D7: DL | E7: Viktor Hovland | F7: =+VLOOKUP(E7,scoring!$U$10:$AA$105,3,FALSE)-72 -> -1 | G7: Viktor Hovland | H7: =+VLOOKUP(G7,scoring!$U$10:$AA$105,3,FALSE)-72 -> -1 | I7: Jordan Spieth | J7: =+VLOOKUP(I7,scoring!$U$10:$AA$105,3,FALSE)-72 -> 1 | K7: Jordan Spieth | L7: =+VLOOKUP(K7,scoring!$U$10:$AA$105,3,FALSE)-72 -> 1 | M7: Hideki Matsuyama | N7: =+VLOOKUP(M7,scoring!$U$10:$AA$105,3,FALSE)-72 -> 1 | O7: Hideki Matsuyama | P7: =+VLOOKUP(O7,scoring!$U$10:$AA$105,3,FALSE)-72 -> 1 | Q7: Jason Day | R7: =+VLOOKUP(Q7,scoring!$U$10:$AA$105,3,FALSE)-72 -> -2 | S7: Jason Day | T7: =+VLOOKUP(S7,scoring!$U$10:$AA$105,3,FALSE)-72 -> -2 | U7: =IFERROR(SMALL(E7:T7,1)+SMALL(E7:T7,2)+SMALL(E7:T7,3),IFERROR(SMALL(E7:T7,1)+SMALL(E7:T7,2),IFERROR(SMALL(E7:T7,1),"-"))) -> -5
A8: 7 | B8: Gold Jacket, Green Jacket… | C8: Jon Schreiber | D8: JS | E8: Collin Morikawa | F8: =+VLOOKUP(E8,scoring!$U$10:$AA$105,3,FALSE)-72 -> 0 | G8: Collin Morikawa | H8: =+VLOOKUP(G8,scoring!$U$10:$AA$105,3,FALSE)-72 -> 0 | I8: Collin Morikawa | J8: =+VLOOKUP(I8,scoring!$U$10:$AA$105,3,FALSE)-72 -> 0 | K8: Patrick Reed | L8: =+VLOOKUP(K8,scoring!$U$10:$AA$105,3,FALSE)-72 -> -1 | M8: Maverick McNealy | N8: =+VLOOKUP(M8,scoring!$U$10:$AA$105,3,FALSE)-72 -> 0 | O8: Cameron Young | P8: =+VLOOKUP(O8,scoring!$U$10:$AA$105,3,FALSE)-72 -> 0 | Q8: Stephan Jaeger | R8: =+VLOOKUP(Q8,scoring!$U$10:$AA$105,3,FALSE)-72 -> 0 | S8: Max Greyserman | T8: =+VLOOKUP(S8,scoring!$U$10:$AA$105,3,FALSE)-72 -> -1 | U8: =IFERROR(SMALL(E8:T8,1)+SMALL(E8:T8,2)+SMALL(E8:T8,3),IFERROR(SMALL(E8:T8,1)+SMALL(E8:T8,2),IFERROR(SMALL(E8:T8,1),"-"))) -> -2
A9: 8 | B9: LaPlant | C9: Matt LaPlant | D9: ML | E9: Xander Schauffele | F9: =+VLOOKUP(E9,scoring!$U$10:$AA$105,3,FALSE)-72 -> 1 | G9: Xander Schauffele | H9: =+VLOOKUP(G9,scoring!$U$10:$AA$105,3,FALSE)-72 -> 1 | I9: Bryson DeChambeau | J9: =+VLOOKUP(I9,scoring!$U$10:$AA$105,3,FALSE)-72 -> -3 | K9: Shane Lowry | L9: =+VLOOKUP(K9,scoring!$U$10:$AA$105,3,FALSE)-72 -> -1 | M9: Corey Conners | N9: =+VLOOKUP(M9,scoring!$U$10:$AA$105,3,FALSE)-72 -> -4 | O9: Sepp Straka | P9: =+VLOOKUP(O9,scoring!$U$10:$AA$105,3,FALSE)-72 -> 6 | Q9: No Player | R9: =+VLOOKUP(Q9,scoring!$U$10:$AA$105,3,FALSE)-72 -> 19 | S9: No Player | T9: =+VLOOKUP(S9,scoring!$U$10:$AA$105,3,FALSE)-72 -> 19 | U9: =IFERROR(SMALL(E9:T9,1)+SMALL(E9:T9,2)+SMALL(E9:T9,3),IFERROR(SMALL(E9:T9,1)+SMALL(E9:T9,2),IFERROR(SMALL(E9:T9,1),"-"))) -> -8
A10: 9 | B10: Henley and the Double Eagles | C10: Adrian Chan | D10: AC | E10: Collin Morikawa | F10: =+VLOOKUP(E10,scoring!$U$10:$AA$105,3,FALSE)-72 -> 0 | G10: Collin Morikawa | H10: =+VLOOKUP(G10,scoring!$U$10:$AA$105,3,FALSE)-72 -> 0 | I10: Russell Henley | J10: =+VLOOKUP(I10,scoring!$U$10:$AA$105,3,FALSE)-72 -> 7 | K10: Robert MacIntyre | L10: =+VLOOKUP(K10,scoring!$U$10:$AA$105,3,FALSE)-72 -> 3 | M10: Robert MacIntyre | N10: =+VLOOKUP(M10,scoring!$U$10:$AA$105,3,FALSE)-72 -> 3 | O10: Will Zalatoris | P10: =+VLOOKUP(O10,scoring!$U$10:$AA$105,3,FALSE)-72 -> 2 | Q10: Will Zalatoris | R10: =+VLOOKUP(Q10,scoring!$U$10:$AA$105,3,FALSE)-72 -> 2 | S10: No Player | T10: =+VLOOKUP(S10,scoring!$U$10:$AA$105,3,FALSE)-72 -> 19 | U10: =IFERROR(SMALL(E10:T10,1)+SMALL(E10:T10,2)+SMALL(E10:T10,3),IFERROR(SMALL(E10:T10,1)+SMALL(E10:T10,2),IFERROR(SMALL(E10:T10,1),"-"))) -> 2
A11: 10 | B11: The Long Irons | C11: Kathryn Michalewicz | D11: KM | E11: Rory McIlroy | F11: =+VLOOKUP(E11,scoring!$U$10:$AA$105,3,FALSE)-72 -> 0 | G11: Tommy Fleetwood | H11: =+VLOOKUP(G11,scoring!$U$10:$AA$105,3,FALSE)-72 -> 1 | I11: Viktor Hovland | J11: =+VLOOKUP(I11,scoring!$U$10:$AA$105,3,FALSE)-72 -> -1 | K11: Min Woo Lee | L11: =+VLOOKUP(K11,scoring!$U$10:$AA$105,3,FALSE)-72 -> -1 | M11: Matthieu Pavon | N11: =+VLOOKUP(M11,scoring!$U$10:$AA$105,3,FALSE)-72 -> 6 | O11: No Player | P11: =+VLOOKUP(O11,scoring!$U$10:$AA$105,3,FALSE)-72 -> 19 | Q11: No Player | R11: =+VLOOKUP(Q11,scoring!$U$10:$AA$105,3,FALSE)-72 -> 19 | S11: No Player | T11: =+VLOOKUP(S11,scoring!$U$10:$AA$105,3,FALSE)-72 -> 19 | U11: =IFERROR(SMALL(E11:T11,1)+SMALL(E11:T11,2)+SMALL(E11:T11,3),IFERROR(SMALL(E11:T11,1)+SMALL(E11:T11,2),IFERROR(SMALL(E11:T11,1),"-"))) -> -2
A12: 11 | B12: Every day is Moving Day | C12: James Fetch | D12: JF | E12: Jon Rahm | F12: =+VLOOKUP(E12,scoring!$U$10:$AA$105,3,FALSE)-72 -> 3 | G12: Bryson DeChambeau | H12: =+VLOOKUP(G12,scoring!$U$10:$AA$105,3,FALSE)-72 -> -3 | I12: Brooks Koepka | J12: =+VLOOKUP(I12,scoring!$U$10:$AA$105,3,FALSE)-72 -> 2 | K12: Jordan Spieth | L12: =+VLOOKUP(K12,scoring!$U$10:$AA$105,3,FALSE)-72 -> 1 | M12: Patrick Reed | N12: =+VLOOKUP(M12,scoring!$U$10:$AA$105,3,FALSE)-72 -> -1 | O12: Justin Rose | P12: =+VLOOKUP(O12,scoring!$U$10:$AA$105,3,FALSE)-72 -> -7 | Q12: Nicolai Højgaard | R12: =+VLOOKUP(Q12,scoring!$U$10:$AA$105,3,FALSE)-72 -> 4 | S12: Harris English | T12: =+VLOOKUP(S12,scoring!$U$10:$AA$105,3,FALSE)-72 -> -2 | U12: =IFERROR(SMALL(E12:T12,1)+SMALL(E12:T12,2)+SMALL(E12:T12,3),IFERROR(SMALL(E12:T12,1)+SMALL(E12:T12,2),IFERROR(SMALL(E12:T12,1),"-"))) -> -12
A13: 12 | B13: Lafferty, Daniel | C13: Brad McLaughlin | D13: BM | E13: Ludvig Aberg | F13: =+VLOOKUP(E13,scoring!$U$10:$AA$105,3,FALSE)-72 -> -4 | G13: Collin Morikawa | H13: =+VLOOKUP(G13,scoring!$U$10:$AA$105,3,FALSE)-72 -> 0 | I13: Viktor Hovland | J13: =+VLOOKUP(I13,scoring!$U$10:$AA$105,3,FALSE)-72 -> -1 | K13: Bryson DeChambeau | L13: =+VLOOKUP(K13,scoring!$U$10:$AA$105,3,FALSE)-72 -> -3 | M13: Tony Finau | N13: =+VLOOKUP(M13,scoring!$U$10:$AA$105,3,FALSE)-72 -> 3 | O13: Nick Dunlap | P13: =+VLOOKUP(O13,scoring!$U$10:$AA$105,3,FALSE)-72 -> 18 | Q13: No Player | R13: =+VLOOKUP(Q13,scoring!$U$10:$AA$105,3,FALSE)-72 -> 19 | S13: No Player | T13: =+VLOOKUP(S13,scoring!$U$10:$AA$105,3,FALSE)-72 -> 19 | U13: =IFERROR(SMALL(E13:T13,1)+SMALL(E13:T13,2)+SMALL(E13:T13,3),IFERROR(SMALL(E13:T13,1)+SMALL(E13:T13,2),IFERROR(SMALL(E13:T13,1),"-"))) -> -8
... A40: 39 | B40: The Chipinskis | C40: Peter Sharpe | D40: PS | E40: Collin Morikawa | F40: =+VLOOKUP(E40,scoring!$U$10:$AA$105,3,FALSE)-72 -> 0 | G40: Xander Schauffele | H40: =+VLOOKUP(G40,scoring!$U$10:$AA$105,3,FALSE)-72 -> 1 | I40: Tom Hoge | J40: =+VLOOKUP(I40,scoring!$U$10:$AA$105,3,FALSE)-72 -> 0 | K40: Tyrrell Hatton | L40: =+VLOOKUP(K40,scoring!$U$10:$AA$105,3,FALSE)-72 -> -3 | M40: Min Woo Lee | N40: =+VLOOKUP(M40,scoring!$U$10:$AA$105,3,FALSE)-72 -> -1 | O40: Shane Lowry | P40: =+VLOOKUP(O40,scoring!$U$10:$AA$105,3,FALSE)-72 -> -1 | Q40: Brian Harman | R40: =+VLOOKUP(Q40,scoring!$U$10:$AA$105,3,FALSE)-72 -> -1 | S40: Corey Conners | T40: =+VLOOKUP(S40,scoring!$U$10:$AA$105,3,FALSE)-72 -> -4 | U40: =IFERROR(SMALL(E40:T40,1)+SMALL(E40:T40,2)+SMALL(E40:T40,3),IFERROR(SMALL(E40:T40,1)+SMALL(E40:T40,2),IFERROR(SMALL(E40:T40,1),"-"))) -> -8
U42: =+MAX(U2:U40) -> 2

Sheet Round 2 Scores
A1: Round 2
A2: Team # | B2: Team | C2: Captain | D2: Initials | E2: Golfer 1 | G2: Golfer 2 | I2: Golfer 3 | K2: Golfer 4 | M2: Golfer 5 | O2: Golfer 6 | Q2: Golfer 7 | S2: Golfer 8 | U2: SCORE
A3: 1 | B3: Just when I thought I was out, they pull me back in | C3: Paul Castergine | D3: PC | E3: Ludvig Aberg | F3: =+VLOOKUP(E3,scoring!$U$10:$AA$105,4,FALSE)-72 -> 1 | G3: Brooks Koepka | H3: =+VLOOKUP(G3,scoring!$U$10:$AA$105,4,FALSE)-72 -> 3 | I3: Tommy Fleetwood | J3: =+VLOOKUP(I3,scoring!$U$10:$AA$105,4,FALSE)-72 -> -3 | K3: Patrick Cantlay | L3: =+VLOOKUP(K3,scoring!$U$10:$AA$105,4,FALSE)-72 -> 0 | M3: Sergio Garcia | N3: =+VLOOKUP(M3,scoring!$U$10:$AA$105,4,FALSE)-72 -> 4 | O3: Sergio Garcia | P3: =+VLOOKUP(O3,scoring!$U$10:$AA$105,4,FALSE)-72 -> 4 | Q3: Jordan Spieth | R3: =+VLOOKUP(Q3,scoring!$U$10:$AA$105,4,FALSE)-72 -> 1 | S3: Cameron Young | T3: =+VLOOKUP(S3,scoring!$U$10:$AA$105,4,FALSE)-72 -> 7 | U3: =IFERROR(SMALL(E3:T3,1)+SMALL(E3:T3,2)+SMALL(E3:T3,3),IFERROR(SMALL(E3:T3,1)+SMALL(E3:T3,2),IFERROR(SMALL(E3:T3,1),"-"))) -> -2
A4: 2 | B4: Subpar Effort | C4: Nick Hooten | D4: NH | E4: Xander Schauffele | F4: =+VLOOKUP(E4,scoring!$U$10:$AA$105,4,FALSE)-72 -> -3 | G4: Xander Schauffele | H4: =+VLOOKUP(G4,scoring!$U$10:$AA$105,4,FALSE)-72 -> -3 | I4: Brooks Koepka | J4: =+VLOOKUP(I4,scoring!$U$10:$AA$105,4,FALSE)-72 -> 3 | K4: Brooks Koepka | L4: =+VLOOKUP(K4,scoring!$U$10:$AA$105,4,FALSE)-72 -> 3 | M4: Tony Finau | N4: =+VLOOKUP(M4,scoring!$U$10:$AA$105,4,FALSE)-72 -> 1 | O4: Tony Finau | P4: =+VLOOKUP(O4,scoring!$U$10:$AA$105,4,FALSE)-72 -> 1 | Q4: Cameron Young | R4: =+VLOOKUP(Q4,scoring!$U$10:$AA$105,4,FALSE)-72 -> 7 | S4: Maverick McNealy | T4: =+VLOOKUP(S4,scoring!$U$10:$AA$105,4,FALSE)-72 -> 1 | U4: =IFERROR(SMALL(E4:T4,1)+SMALL(E4:T4,2)+SMALL(E4:T4,3),IFERROR(SMALL(E4:T4,1)+SMALL(E4:T4,2),IFERROR(SMALL(E4:T4,1),"-"))) -> -5
A5: 3 | B5: Minnesota Miracle | C5: Thad Williams | D5: TW | E5: Collin Morikawa | F5: =+VLOOKUP(E5,scoring!$U$10:$AA$105,4,FALSE)-72 -> -3 | G5: Hideki Matsuyama | H5: =+VLOOKUP(G5,scoring!$U$10:$AA$105,4,FALSE)-72 -> -4 | I5: Hideki Matsuyama | J5: =+VLOOKUP(I5,scoring!$U$10:$AA$105,4,FALSE)-72 -> -4 | K5: Brooks Koepka | L5: =+VLOOKUP(K5,scoring!$U$10:$AA$105,4,FALSE)-72 -> 3 | M5: Robert MacIntyre | N5: =+VLOOKUP(M5,scoring!$U$10:$AA$105,4,FALSE)-72 -> 3 | O5: Will Zalatoris | P5: =+VLOOKUP(O5,scoring!$U$10:$AA$105,4,FALSE)-72 -> 6 | Q5: Phil Mickelson | R5: =+VLOOKUP(Q5,scoring!$U$10:$AA$105,4,FALSE)-72 -> 2 | S5: Laurie Canter | T5: =+VLOOKUP(S5,scoring!$U$10:$AA$105,4,FALSE)-72 -> 5 | U5: =IFERROR(SMALL(E5:T5,1)+SMALL(E5:T5,2)+SMALL(E5:T5,3),IFERROR(SMALL(E5:T5,1)+SMALL(E5:T5,2),IFERROR(SMALL(E5:T5,1),"-"))) -> -11
A6: 4 | B6: Play the fade | C6: Dan Riordan | D6: DR | E6: Ludvig Aberg | F6: =+VLOOKUP(E6,scoring!$U$10:$AA$105,4,FALSE)-72 -> 1 | G6: Justin Thomas | H6: =+VLOOKUP(G6,scoring!$U$10:$AA$105,4,FALSE)-72 -> -1 | I6: Hideki Matsuyama | J6: =+VLOOKUP(I6,scoring!$U$10:$AA$105,4,FALSE)-72 -> -4 | K6: Russell Henley | L6: =+VLOOKUP(K6,scoring!$U$10:$AA$105,4,FALSE)-72 -> -4 | M6: Akshay Bhatia | N6: =+VLOOKUP(M6,scoring!$U$10:$AA$105,4,FALSE)-72 -> 4 | O6: Akshay Bhatia | P6: =+VLOOKUP(O6,scoring!$U$10:$AA$105,4,FALSE)-72 -> 4 | Q6: Corey Conners | R6: =+VLOOKUP(Q6,scoring!$U$10:$AA$105,4,FALSE)-72 -> -2 | S6: Lucas Glover | T6: =+VLOOKUP(S6,scoring!$U$10:$AA$105,4,FALSE)-72 -> 2 | U6: =IFERROR(SMALL(E6:T6,1)+SMALL(E6:T6,2)+SMALL(E6:T6,3),IFERROR(SMALL(E6:T6,1)+SMALL(E6:T6,2),IFERROR(SMALL(E6:T6,1),"-"))) -> -10
A7: 5 | B7: I Need A Pain Sponge | C7: Rob Schoen | D7: RS | E7: Justin Thomas | F7: =+VLOOKUP(E7,scoring!$U$10:$AA$105,4,FALSE)-72 -> -1 | G7: Justin Thomas | H7: =+VLOOKUP(G7,scoring!$U$10:$AA$105,4,FALSE)-72 -> -1 | I7: Shane Lowry | J7: =+VLOOKUP(I7,scoring!$U$10:$AA$105,4,FALSE)-72 -> -4 | K7: Russell Henley | L7: =+VLOOKUP(K7,scoring!$U$10:$AA$105,4,FALSE)-72 -> -4 | M7: Russell Henley | N7: =+VLOOKUP(M7,scoring!$U$10:$AA$105,4,FALSE)-72 -> -4 | O7: Robert MacIntyre | P7: =+VLOOKUP(O7,scoring!$U$10:$AA$105,4,FALSE)-72 -> 3 | Q7: Min Woo Lee | R7: =+VLOOKUP(Q7,scoring!$U$10:$AA$105,4,FALSE)-72 -> 0 | S7: Will Zalatoris | T7: =+VLOOKUP(S7,scoring!$U$10:$AA$105,4,FALSE)-72 -> 6 | U7: =IFERROR(SMALL(E7:T7,1)+SMALL(E7:T7,2)+SMALL(E7:T7,3),IFERROR(SMALL(E7:T7,1)+SMALL(E7:T7,2),IFERROR(SMALL(E7:T7,1),"-"))) -> -12
A8: 6 | B8: Fire Nico | C8: Dan Lahrman | D8: DL | E8: Viktor Hovland | F8: =+VLOOKUP(E8,scoring!$U$10:$AA$105,4,FALSE)-72 -> -3 | G8: Viktor Hovland | H8: =+VLOOKUP(G8,scoring!$U$10:$AA$105,4,FALSE)-72 -> -3 | I8: Jordan Spieth | J8: =+VLOOKUP(I8,scoring!$U$10:$AA$105,4,FALSE)-72 -> 1 | K8: Jordan Spieth | L8: =+VLOOKUP(K8,scoring!$U$10:$AA$105,4,FALSE)-72 -> 1 | M8: Hideki Matsuyama | N8: =+VLOOKUP(M8,scoring!$U$10:$AA$105,4,FALSE)-72 -> -4 | O8: Hideki Matsuyama | P8: =+VLOOKUP(O8,scoring!$U$10:$AA$105,4,FALSE)-72 -> -4 | Q8: Jason Day | R8: =+VLOOKUP(Q8,scoring!$U$10:$AA$105,4,FALSE)-72 -> -2 | S8: Jason Day | T8: =+VLOOKUP(S8,scoring!$U$10:$AA$105,4,FALSE)-72 -> -2 | U8: =IFERROR(SMALL(E8:T8,1)+SMALL(E8:T8,2)+SMALL(E8:T8,3),IFERROR(SMALL(E8:T8,1)+SMALL(E8:T8,2),IFERROR(SMALL(E8:T8,1),"-"))) -> -11
A9: 7 | B9: Gold Jacket, Green Jacket… | C9: Jon Schreiber | D9: JS | E9: Collin Morikawa | F9: =+VLOOKUP(E9,scoring!$U$10:$AA$105,4,FALSE)-72 -> -3 | G9: Collin Morikawa | H9: =+VLOOKUP(G9,scoring!$U$10:$AA$105,4,FALSE)-72 -> -3 | I9: Collin Morikawa | J9: =+VLOOKUP(I9,scoring!$U$10:$AA$105,4,FALSE)-72 -> -3 | K9: Patrick Reed | L9: =+VLOOKUP(K9,scoring!$U$10:$AA$105,4,FALSE)-72 -> -2 | M9: Maverick McNealy | N9: =+VLOOKUP(M9,scoring!$U$10:$AA$105,4,FALSE)-72 -> 1 | O9: Cameron Young | P9: =+VLOOKUP(O9,scoring!$U$10:$AA$105,4,FALSE)-72 -> 7 | Q9: Stephan Jaeger | R9: =+VLOOKUP(Q9,scoring!$U$10:$AA$105,4,FALSE)-72 -> 2 | S9: Max Greyserman | T9: =+VLOOKUP(S9,scoring!$U$10:$AA$105,4,FALSE)-72 -> 3 | U9: =IFERROR(SMALL(E9:T9,1)+SMALL(E9:T9,2)+SMALL(E9:T9,3),IFERROR(SMALL(E9:T9,1)+SMALL(E9:T9,2),IFERROR(SMALL(E9:T9,1),"-"))) -> -9
A10: 8 | B10: LaPlant | C10: Matt LaPlant | D10: ML | E10: Xander Schauffele | F10: =+VLOOKUP(E10,scoring!$U$10:$AA$105,4,FALSE)-72 -> -3 | G10: Xander Schauffele | H10: =+VLOOKUP(G10,scoring!$U$10:$AA$105,4,FALSE)-72 -> -3 | I10: Bryson DeChambeau | J10: =+VLOOKUP(I10,scoring!$U$10:$AA$105,4,FALSE)-72 -> -4 | K10: Shane Lowry | L10: =+VLOOKUP(K10,scoring!$U$10:$AA$105,4,FALSE)-72 -> -4 | M10: Corey Conners | N10: =+VLOOKUP(M10,scoring!$U$10:$AA$105,4,FALSE)-72 -> -2 | O10: Sepp Straka | P10: =+VLOOKUP(O10,scoring!$U$10:$AA$105,4,FALSE)-72 -> -1 | Q10: No Player | R10: =+VLOOKUP(Q10,scoring!$U$10:$AA$105,4,FALSE)-72 -> 9 | S10: No Player | T10: =+VLOOKUP(S10,scoring!$U$10:$AA$105,4,FALSE)-72 -> 9 | U10: =IFERROR(SMALL(E10:T10,1)+SMALL(E10:T10,2)+SMALL(E10:T10,3),IFERROR(SMALL(E10:T10,1)+SMALL(E10:T10,2),IFERROR(SMALL(E10:T10,1),"-"))) -> -11
A11: 9 | B11: Henley and the Double Eagles | C11: Adrian Chan | D11: AC | E11: Collin Morikawa | F11: =+VLOOKUP(E11,scoring!$U$10:$AA$105,4,FALSE)-72 -> -3 | G11: Collin Morikawa | H11: =+VLOOKUP(G11,scoring!$U$10:$AA$105,4,FALSE)-72 -> -3 | I11: Russell Henley | J11: =+VLOOKUP(I11,scoring!$U$10:$AA$105,4,FALSE)-72 -> -4 | K11: Robert MacIntyre | L11: =+VLOOKUP(K11,scoring!$U$10:$AA$105,4,FALSE)-72 -> 3 | M11: Robert MacIntyre | N11: =+VLOOKUP(M11,scoring!$U$10:$AA$105,4,FALSE)-72 -> 3 | O11: Will Zalatoris | P11: =+VLOOKUP(O11,scoring!$U$10:$AA$105,4,FALSE)-72 -> 6 | Q11: Will Zalatoris | R11: =+VLOOKUP(Q11,scoring!$U$10:$AA$105,4,FALSE)-72 -> 6 | S11: No Player | T11: =+VLOOKUP(S11,scoring!$U$10:$AA$105,4,FALSE)-72 -> 9 | U11: =IFERROR(SMALL(E11:T11,1)+SMALL(E11:T11,2)+SMALL(E11:T11,3),IFERROR(SMALL(E11:T11,1)+SMALL(E11:T11,2),IFERROR(SMALL(E11:T11,1),"-"))) -> -10
A12: 10 | B12: The Long Irons | C12: Kathryn Michalewicz | D12: KM | E12: Rory McIlroy | F12: =+VLOOKUP(E12,scoring!$U$10:$AA$105,4,FALSE)-72 -> -6 | G12: Tommy Fleetwood | H12: =+VLOOKUP(G12,scoring!$U$10:$AA$105,4,FALSE)-72 -> -3 | I12: Viktor Hovland | J12: =+VLOOKUP(I12,scoring!$U$10:$AA$105,4,FALSE)-72 -> -3 | K12: Min Woo Lee | L12: =+VLOOKUP(K12,scoring!$U$10:$AA$105,4,FALSE)-72 -> 0 | M12: Matthieu Pavon | N12: =+VLOOKUP(M12,scoring!$U$10:$AA$105,4,FALSE)-72 -> 4 | O12: No Player | P12: =+VLOOKUP(O12,scoring!$U$10:$AA$105,4,FALSE)-72 -> 9 | Q12: No Player | R12: =+VLOOKUP(Q12,scoring!$U$10:$AA$105,4,FALSE)-72 -> 9 | S12: No Player | T12: =+VLOOKUP(S12,scoring!$U$10:$AA$105,4,FALSE)-72 -> 9 | U12: =IFERROR(SMALL(E12:T12,1)+SMALL(E12:T12,2)+SMALL(E12:T12,3),IFERROR(SMALL(E12:T12,1)+SMALL(E12:T12,2),IFERROR(SMALL(E12:T12,1),"-"))) -> -12
A13: 11 | B13: Every day is Moving Day | C13: James Fetch | D13: JF | E13: Jon Rahm | F13: =+VLOOKUP(E13,scoring!$U$10:$AA$105,4,FALSE)-72 -> -1 | G13: Bryson DeChambeau | H13: =+VLOOKUP(G13,scoring!$U$10:$AA$105,4,FALSE)-72 -> -4 | I13: Brooks Koepka | J13: =+VLOOKUP(I13,scoring!$U$10:$AA$105,4,FALSE)-72 -> 3 | K13: Jordan Spieth | L13: =+VLOOKUP(K13,scoring!$U$10:$AA$105,4,FALSE)-72 -> 1 | M13: Patrick Reed | N13: =+VLOOKUP(M13,scoring!$U$10:$AA$105,4,FALSE)-72 -> -2 | O13: Justin Rose | P13: =+VLOOKUP(O13,scoring!$U$10:$AA$105,4,FALSE)-72 -> -1 | Q13: Nicolai Højgaard | R13: =+VLOOKUP(Q13,scoring!$U$10:$AA$105,4,FALSE)-72 -> 2 | S13: Harris English | T13: =+VLOOKUP(S13,scoring!$U$10:$AA$105,4,FALSE)-72 -> 1 | U13: =IFERROR(SMALL(E13:T13,1)+SMALL(E13:T13,2)+SMALL(E13:T13,3),IFERROR(SMALL(E13:T13,1)+SMALL(E13:T13,2),IFERROR(SMALL(E13:T13,1),"-"))) -> -7
A14: 12 | B14: Lafferty, Daniel | C14: Brad McLaughlin | D14: BM | E14: Ludvig Aberg | F14: =+VLOOKUP(E14,scoring!$U$10:$AA$105,4,FALSE)-72 -> 1 | G14: Collin Morikawa | H14: =+VLOOKUP(G14,scoring!$U$10:$AA$105,4,FALSE)-72 -> -3 | I14: Viktor Hovland | J14: =+VLOOKUP(I14,scoring!$U$10:$AA$105,4,FALSE)-72 -> -3 | K14: Bryson DeChambeau | L14: =+VLOOKUP(K14,scoring!$U$10:$AA$105,4,FALSE)-72 -> -4 | M14: Tony Finau | N14: =+VLOOKUP(M14,scoring!$U$10:$AA$105,4,FALSE)-72 -> 1 | O14: Nick Dunlap | P14: =+VLOOKUP(O14,scoring!$U$10:$AA$105,4,FALSE)-72 -> -1 | Q14: No Player | R14: =+VLOOKUP(Q14,scoring!$U$10:$AA$105,4,FALSE)-72 -> 9 | S14: No Player | T14: =+VLOOKUP(S14,scoring!$U$10:$AA$105,4,FALSE)-72 -> 9 | U14: =IFERROR(SMALL(E14:T14,1)+SMALL(E14:T14,2)+SMALL(E14:T14,3),IFERROR(SMALL(E14:T14,1)+SMALL(E14:T14,2),IFERROR(SMALL(E14:T14,1),"-"))) -> -10
... A41: 39 | B41: The Chipinskis | C41: Peter Sharpe | D41: PS | E41: Collin Morikawa | F41: =+VLOOKUP(E41,scoring!$U$10:$AA$105,4,FALSE)-72 -> -3 | G41: Xander Schauffele | H41: =+VLOOKUP(G41,scoring!$U$10:$AA$105,4,FALSE)-72 -> -3 | I41: Tom Hoge | J41: =+VLOOKUP(I41,scoring!$U$10:$AA$105,4,FALSE)-72 -> 0 | K41: Tyrrell Hatton | L41: =+VLOOKUP(K41,scoring!$U$10:$AA$105,4,FALSE)-72 -> -2 | M41: Min Woo Lee | N41: =+VLOOKUP(M41,scoring!$U$10:$AA$105,4,FALSE)-72 -> 0 | O41: Shane Lowry | P41: =+VLOOKUP(O41,scoring!$U$10:$AA$105,4,FALSE)-72 -> -4 | Q41: Brian Harman | R41: =+VLOOKUP(Q41,scoring!$U$10:$AA$105,4,FALSE)-72 -> -1 | S41: Corey Conners | T41: =+VLOOKUP(S41,scoring!$U$10:$AA$105,4,FALSE)-72 -> -2 | U41: =IFERROR(SMALL(E41:T41,1)+SMALL(E41:T41,2)+SMALL(E41:T41,3),IFERROR(SMALL(E41:T41,1)+SMALL(E41:T41,2),IFERROR(SMALL(E41:T41,1),"-"))) -> -10

Sheet Round 3 Scores
A1: Round 3
A2: Team # | B2: Team | C2: Captain | D2: Initials | E2: Golfer 1 | G2: Golfer 2 | I2: Golfer 3 | K2: Golfer 4 | M2: Golfer 5 | O2: Golfer 6 | Q2: Golfer 7 | S2: Golfer 8 | U2: SCORE
A3: 36 | B3: Often wrong but never in doubt | C3: Scott Sipple | D3: SS | E3: Rory McIlroy | F3: =+VLOOKUP(E3,scoring!$U$10:$AA$105,5,FALSE)-72 -> -6 | G3: Ludvig Aberg | H3: =+VLOOKUP(G3,scoring!$U$10:$AA$105,5,FALSE)-72 -> -3 | I3: Daniel Berger | J3: =+VLOOKUP(I3,scoring!$U$10:$AA$105,5,FALSE)-72 -> 1 | K3: Maverick McNealy | L3: =+VLOOKUP(K3,scoring!$U$10:$AA$105,5,FALSE)-72 -> -1 | M3: No Player | N3: =+VLOOKUP(M3,scoring!$U$10:$AA$105,5,FALSE)-72 -> 9 | O3: No Player | P3: =+VLOOKUP(O3,scoring!$U$10:$AA$105,5,FALSE)-72 -> 9 | Q3: No Player | R3: =+VLOOKUP(Q3,scoring!$U$10:$AA$105,5,FALSE)-72 -> 9 | S3: No Player | T3: =+VLOOKUP(S3,scoring!$U$10:$AA$105,5,FALSE)-72 -> 9 | U3: =IFERROR(SMALL(E3:T3,1)+SMALL(E3:T3,2)+SMALL(E3:T3,3),IFERROR(SMALL(E3:T3,1)+SMALL(E3:T3,2),IFERROR(SMALL(E3:T3,1),"-"))) -> -10
A4: 11 | B4: Every day is Moving Day | C4: James Fetch | D4: JF | E4: Jon Rahm | F4: =+VLOOKUP(E4,scoring!$U$10:$AA$105,5,FALSE)-72 -> -2 | G4: Bryson DeChambeau | H4: =+VLOOKUP(G4,scoring!$U$10:$AA$105,5,FALSE)-72 -> -3 | I4: Brooks Koepka | J4: =+VLOOKUP(I4,scoring!$U$10:$AA$105,5,FALSE)-72 -> 8 | K4: Jordan Spieth | L4: =+VLOOKUP(K4,scoring!$U$10:$AA$105,5,FALSE)-72 -> -3 | M4: Patrick Reed | N4: =+VLOOKUP(M4,scoring!$U$10:$AA$105,5,FALSE)-72 -> -3 | O4: Justin Rose | P4: =+VLOOKUP(O4,scoring!$U$10:$AA$105,5,FALSE)-72 -> 3 | Q4: Nicolai Højgaard | R4: =+VLOOKUP(Q4,scoring!$U$10:$AA$105,5,FALSE)-72 -> 8 | S4: Harris English | T4: =+VLOOKUP(S4,scoring!$U$10:$AA$105,5,FALSE)-72 -> 1 | U4: =IFERROR(SMALL(E4:T4,1)+SMALL(E4:T4,2)+SMALL(E4:T4,3),IFERROR(SMALL(E4:T4,1)+SMALL(E4:T4,2),IFERROR(SMALL(E4:T4,1),"-"))) -> -9
A5: 15 | B5: Ludvig Levered 2x Daily | C5: Jacob Norris | D5: JN | E5: Ludvig Aberg | F5: =+VLOOKUP(E5,scoring!$U$10:$AA$105,5,FALSE)-72 -> -3 | G5: Ludvig Aberg | H5: =+VLOOKUP(G5,scoring!$U$10:$AA$105,5,FALSE)-72 -> -3 | I5: Russell Henley | J5: =+VLOOKUP(I5,scoring!$U$10:$AA$105,5,FALSE)-72 -> 8 | K5: Russell Henley | L5: =+VLOOKUP(K5,scoring!$U$10:$AA$105,5,FALSE)-72 -> 8 | M5: Viktor Hovland | N5: =+VLOOKUP(M5,scoring!$U$10:$AA$105,5,FALSE)-72 -> 1 | O5: Patrick Reed | P5: =+VLOOKUP(O5,scoring!$U$10:$AA$105,5,FALSE)-72 -> -3 | Q5: Lucas Glover | R5: =+VLOOKUP(Q5,scoring!$U$10:$AA$105,5,FALSE)-72 -> 8 | S5: Lucas Glover | T5: =+VLOOKUP(S5,scoring!$U$10:$AA$105,5,FALSE)-72 -> 8 | U5: =IFERROR(SMALL(E5:T5,1)+SMALL(E5:T5,2)+SMALL(E5:T5,3),IFERROR(SMALL(E5:T5,1)+SMALL(E5:T5,2),IFERROR(SMALL(E5:T5,1),"-"))) -> -9
A6: 23 | B6: TheProperLuncher | C6: Charles Ouellett | D6: CO | E6: Ludvig Aberg | F6: =+VLOOKUP(E6,scoring!$U$10:$AA$105,5,FALSE)-72 -> -3 | G6: Ludvig Aberg | H6: =+VLOOKUP(G6,scoring!$U$10:$AA$105,5,FALSE)-72 -> -3 | I6: Ludvig Aberg | J6: =+VLOOKUP(I6,scoring!$U$10:$AA$105,5,FALSE)-72 -> -3 | K6: Cameron Smith | L6: =+VLOOKUP(K6,scoring!$U$10:$AA$105,5,FALSE)-72 -> 8 | M6: Corey Conners | N6: =+VLOOKUP(M6,scoring!$U$10:$AA$105,5,FALSE)-72 -> -2 | O6: No Player | P6: =+VLOOKUP(O6,scoring!$U$10:$AA$105,5,FALSE)-72 -> 9 | Q6: No Player | R6: =+VLOOKUP(Q6,scoring!$U$10:$AA$105,5,FALSE)-72 -> 9 | S6: No Player | T6: =+VLOOKUP(S6,scoring!$U$10:$AA$105,5,FALSE)-72 -> 9 | U6: =IFERROR(SMALL(E6:T6,1)+SMALL(E6:T6,2)+SMALL(E6:T6,3),IFERROR(SMALL(E6:T6,1)+SMALL(E6:T6,2),IFERROR(SMALL(E6:T6,1),"-"))) -> -9
A7: 30 | B7: Dilly Dilly | C7: Kim Arney | D7: KA | E7: Keegan Bradley | F7: =+VLOOKUP(E7,scoring!$U$10:$AA$105,5,FALSE)-72 -> 8 | G7: Zach Johnson | H7: =+VLOOKUP(G7,scoring!$U$10:$AA$105,5,FALSE)-72 -> -6 | I7: Shane Lowry | J7: =+VLOOKUP(I7,scoring!$U$10:$AA$105,5,FALSE)-72 -> 0 | K7: Viktor Hovland | L7: =+VLOOKUP(K7,scoring!$U$10:$AA$105,5,FALSE)-72 -> 1 | M7: Viktor Hovland | N7: =+VLOOKUP(M7,scoring!$U$10:$AA$105,5,FALSE)-72 -> 1 | O7: Sepp Straka | P7: =+VLOOKUP(O7,scoring!$U$10:$AA$105,5,FALSE)-72 -> 8 | Q7: Ludvig Aberg | R7: =+VLOOKUP(Q7,scoring!$U$10:$AA$105,5,FALSE)-72 -> -3 | S7: Justin Thomas | T7: =+VLOOKUP(S7,scoring!$U$10:$AA$105,5,FALSE)-72 -> 4 | U7: =IFERROR(SMALL(E7:T7,1)+SMALL(E7:T7,2)+SMALL(E7:T7,3),IFERROR(SMALL(E7:T7,1)+SMALL(E7:T7,2),IFERROR(SMALL(E7:T7,1),"-"))) -> -9
A8: 33 | B8: Ty Webb's illegitimate stepchild | C8: Tom Nelson | D8: TN | E8: Ludvig Aberg | F8: =+VLOOKUP(E8,scoring!$U$10:$AA$105,5,FALSE)-72 -> -3 | G8: Ludvig Aberg | H8: =+VLOOKUP(G8,scoring!$U$10:$AA$105,5,FALSE)-72 -> -3 | I8: Justin Rose | J8: =+VLOOKUP(I8,scoring!$U$10:$AA$105,5,FALSE)-72 -> 3 | K8: Patrick Reed | L8: =+VLOOKUP(K8,scoring!$U$10:$AA$105,5,FALSE)-72 -> -3 | M8: Justin Thomas | N8: =+VLOOKUP(M8,scoring!$U$10:$AA$105,5,FALSE)-72 -> 4 | O8: J. J. Spaun | P8: =+VLOOKUP(O8,scoring!$U$10:$AA$105,5,FALSE)-72 -> 2 | Q8: Bubba Watson | R8: =+VLOOKUP(Q8,scoring!$U$10:$AA$105,5,FALSE)-72 -> 2 | S8: Tony Finau | T8: =+VLOOKUP(S8,scoring!$U$10:$AA$105,5,FALSE)-72 -> 8 | U8: =IFERROR(SMALL(E8:T8,1)+SMALL(E8:T8,2)+SMALL(E8:T8,3),IFERROR(SMALL(E8:T8,1)+SMALL(E8:T8,2),IFERROR(SMALL(E8:T8,1),"-"))) -> -9
A9: 38 | B9: Green Machine | C9: Laura Green | D9: LG | E9: Ludvig Aberg | F9: =+VLOOKUP(E9,scoring!$U$10:$AA$105,5,FALSE)-72 -> -3 | G9: Ludvig Aberg | H9: =+VLOOKUP(G9,scoring!$U$10:$AA$105,5,FALSE)-72 -> -3 | I9: Bryson DeChambeau | J9: =+VLOOKUP(I9,scoring!$U$10:$AA$105,5,FALSE)-72 -> -3 | K9: Min Woo Lee | L9: =+VLOOKUP(K9,scoring!$U$10:$AA$105,5,FALSE)-72 -> 5 | M9: Sahith Theegala | N9: =+VLOOKUP(M9,scoring!$U$10:$AA$105,5,FALSE)-72 -> 1 | O9: Billy Horschel | P9: =+VLOOKUP(O9,scoring!$U$10:$AA$105,5,FALSE)-72 -> 8 | Q9: Cameron Young | R9: =+VLOOKUP(Q9,scoring!$U$10:$AA$105,5,FALSE)-72 -> 8 | S9: Jhonattan Vegas | T9: =+VLOOKUP(S9,scoring!$U$10:$AA$105,5,FALSE)-72 -> 8 | U9: =IFERROR(SMALL(E9:T9,1)+SMALL(E9:T9,2)+SMALL(E9:T9,3),IFERROR(SMALL(E9:T9,1)+SMALL(E9:T9,2),IFERROR(SMALL(E9:T9,1),"-"))) -> -9
A10: 29 | B10: MullinsDoubles | C10: Andy Mullins | D10: AM | E10: Bryson DeChambeau | F10: =+VLOOKUP(E10,scoring!$U$10:$AA$105,5,FALSE)-72 -> -3 | G10: Bryson DeChambeau | H10: =+VLOOKUP(G10,scoring!$U$10:$AA$105,5,FALSE)-72 -> -3 | I10: Joaquin Niemann | J10: =+VLOOKUP(I10,scoring!$U$10:$AA$105,5,FALSE)-72 -> -2 | K10: Joaquin Niemann | L10: =+VLOOKUP(K10,scoring!$U$10:$AA$105,5,FALSE)-72 -> -2 | M10: Robert MacIntyre | N10: =+VLOOKUP(M10,scoring!$U$10:$AA$105,5,FALSE)-72 -> 8 | O10: Robert MacIntyre | P10: =+VLOOKUP(O10,scoring!$U$10:$AA$105,5,FALSE)-72 -> 8 | Q10: No Player | R10: =+VLOOKUP(Q10,scoring!$U$10:$AA$105,5,FALSE)-72 -> 9 | S10: No Player | T10: =+VLOOKUP(S10,scoring!$U$10:$AA$105,5,FALSE)-72 -> 9 | U10: =IFERROR(SMALL(E10:T10,1)+SMALL(E10:T10,2)+SMALL(E10:T10,3),IFERROR(SMALL(E10:T10,1)+SMALL(E10:T10,2),IFERROR(SMALL(E10:T10,1),"-"))) -> -8
A11: 6 | B11: Fire Nico | C11: Dan Lahrman | D11: DL | E11: Viktor Hovland | F11: =+VLOOKUP(E11,scoring!$U$10:$AA$105,5,FALSE)-72 -> 1 | G11: Viktor Hovland | H11: =+VLOOKUP(G11,scoring!$U$10:$AA$105,5,FALSE)-72 -> 1 | I11: Jordan Spieth | J11: =+VLOOKUP(I11,scoring!$U$10:$AA$105,5,FALSE)-72 -> -3 | K11: Jordan Spieth | L11: =+VLOOKUP(K11,scoring!$U$10:$AA$105,5,FALSE)-72 -> -3 | M11: Hideki Matsuyama | N11: =+VLOOKUP(M11,scoring!$U$10:$AA$105,5,FALSE)-72 -> 7 | O11: Hideki Matsuyama | P11: =+VLOOKUP(O11,scoring!$U$10:$AA$105,5,FALSE)-72 -> 7 | Q11: Jason Day | R11: =+VLOOKUP(Q11,scoring!$U$10:$AA$105,5,FALSE)-72 -> -1 | S11: Jason Day | T11: =+VLOOKUP(S11,scoring!$U$10:$AA$105,5,FALSE)-72 -> -1 | U11: =IFERROR(SMALL(E11:T11,1)+SMALL(E11:T11,2)+SMALL(E11:T11,3),IFERROR(SMALL(E11:T11,1)+SMALL(E11:T11,2),IFERROR(SMALL(E11:T11,1),"-"))) -> -7
A12: 7 | B12: Gold Jacket, Green Jacket… | C12: Jon Schreiber | D12: JS | E12: Collin Morikawa | F12: =+VLOOKUP(E12,scoring!$U$10:$AA$105,5,FALSE)-72 -> 0 | G12: Collin Morikawa | H12: =+VLOOKUP(G12,scoring!$U$10:$AA$105,5,FALSE)-72 -> 0 | I12: Collin Morikawa | J12: =+VLOOKUP(I12,scoring!$U$10:$AA$105,5,FALSE)-72 -> 0 | K12: Patrick Reed | L12: =+VLOOKUP(K12,scoring!$U$10:$AA$105,5,FALSE)-72 -> -3 | M12: Maverick McNealy | N12: =+VLOOKUP(M12,scoring!$U$10:$AA$105,5,FALSE)-72 -> -1 | O12: Cameron Young | P12: =+VLOOKUP(O12,scoring!$U$10:$AA$105,5,FALSE)-72 -> 8 | Q12: Stephan Jaeger | R12: =+VLOOKUP(Q12,scoring!$U$10:$AA$105,5,FALSE)-72 -> 1 | S12: Max Greyserman | T12: =+VLOOKUP(S12,scoring!$U$10:$AA$105,5,FALSE)-72 -> -3 | U12: =IFERROR(SMALL(E12:T12,1)+SMALL(E12:T12,2)+SMALL(E12:T12,3),IFERROR(SMALL(E12:T12,1)+SMALL(E12:T12,2),IFERROR(SMALL(E12:T12,1),"-"))) -> -7
A13: 8 | B13: LaPlant | C13: Matt LaPlant | D13: ML | E13: Xander Schauffele | F13: =+VLOOKUP(E13,scoring!$U$10:$AA$105,5,FALSE)-72 -> -2 | G13: Xander Schauffele | H13: =+VLOOKUP(G13,scoring!$U$10:$AA$105,5,FALSE)-72 -> -2 | I13: Bryson DeChambeau | J13: =+VLOOKUP(I13,scoring!$U$10:$AA$105,5,FALSE)-72 -> -3 | K13: Shane Lowry | L13: =+VLOOKUP(K13,scoring!$U$10:$AA$105,5,FALSE)-72 -> 0 | M13: Corey Conners | N13: =+VLOOKUP(M13,scoring!$U$10:$AA$105,5,FALSE)-72 -> -2 | O13: Sepp Straka | P13: =+VLOOKUP(O13,scoring!$U$10:$AA$105,5,FALSE)-72 -> 8 | Q13: No Player | R13: =+VLOOKUP(Q13,scoring!$U$10:$AA$105,5,FALSE)-72 -> 9 | S13: No Player | T13: =+VLOOKUP(S13,scoring!$U$10:$AA$105,5,FALSE)-72 -> 9 | U13: =IFERROR(SMALL(E13:T13,1)+SMALL(E13:T13,2)+SMALL(E13:T13,3),IFERROR(SMALL(E13:T13,1)+SMALL(E13:T13,2),IFERROR(SMALL(E13:T13,1),"-"))) -> -7
A14: 35 | B14: The Nemeinators | C14: Ryan Nemes | D14: RN | E14: Joaquin Niemann | F14: =+VLOOKUP(E14,scoring!$U$10:$AA$105,5,FALSE)-72 -> -2 | G14: Joaquin Niemann | H14: =+VLOOKUP(G14,scoring!$U$10:$AA$105,5,FALSE)-72 -> -2 | I14: Collin Morikawa | J14: =+VLOOKUP(I14,scoring!$U$10:$AA$105,5,FALSE)-72 -> 0 | K14: Collin Morikawa | L14: =+VLOOKUP(K14,scoring!$U$10:$AA$105,5,FALSE)-72 -> 0 | M14: Min Woo Lee | N14: =+VLOOKUP(M14,scoring!$U$10:$AA$105,5,FALSE)-72 -> 5 | O14: Max Homa | P14: =+VLOOKUP(O14,scoring!$U$10:$AA$105,5,FALSE)-72 -> -3 | Q14: No Player | R14: =+VLOOKUP(Q14,scoring!$U$10:$AA$105,5,FALSE)-72 -> 9 | S14: No Player | T14: =+VLOOKUP(S14,scoring!$U$10:$AA$105,5,FALSE)-72 -> 9 | U14: =IFERROR(SMALL(E14:T14,1)+SMALL(E14:T14,2)+SMALL(E14:T14,3),IFERROR(SMALL(E14:T14,1)+SMALL(E14:T14,2),IFERROR(SMALL(E14:T14,1),"-"))) -> -7
... A41: 3 | B41: Minnesota Miracle | C41: Thad Williams | D41: TW | E41: Collin Morikawa | F41: =+VLOOKUP(E41,scoring!$U$10:$AA$105,5,FALSE)-72 -> 0 | G41: Hideki Matsuyama | H41: =+VLOOKUP(G41,scoring!$U$10:$AA$105,5,FALSE)-72 -> 7 | I41: Hideki Matsuyama | J41: =+VLOOKUP(I41,scoring!$U$10:$AA$105,5,FALSE)-72 -> 7 | K41: Brooks Koepka | L41: =+VLOOKUP(K41,scoring!$U$10:$AA$105,5,FALSE)-72 -> 8 | M41: Robert MacIntyre | N41: =+VLOOKUP(M41,scoring!$U$10:$AA$105,5,FALSE)-72 -> 8 | O41: Will Zalatoris | P41: =+VLOOKUP(O41,scoring!$U$10:$AA$105,5,FALSE)-72 -> 8 | Q41: Phil Mickelson | R41: =+VLOOKUP(Q41,scoring!$U$10:$AA$105,5,FALSE)-72 -> 8 | S41: Laurie Canter | T41: =+VLOOKUP(S41,scoring!$U$10:$AA$105,5,FALSE)-72 -> 8 | U41: =IFERROR(SMALL(E41:T41,1)+SMALL(E41:T41,2)+SMALL(E41:T41,3),IFERROR(SMALL(E41:T41,1)+SMALL(E41:T41,2),IFERROR(SMALL(E41:T41,1),"-"))) -> 14
A44: Total through 3 rounds
A45: Team # | B45: Team | C45: Captain | D45: Initials | E45: Golfer 1 | G45: Golfer 2 | I45: Golfer 3 | K45: Golfer 4 | M45: Golfer 5 | O45: Golfer 6 | Q45: Golfer 7 | S45: Golfer 8 | U45: SCORE
A46: 8 | B46: LaPlant | C46: Matt LaPlant | D46: ML | E46: Xander Schauffele | F46: =+VLOOKUP(E46,scoring!$U$10:$AA$105,7,FALSE)-72*3 -> 67 | G46: Xander Schauffele | H46: =+VLOOKUP(G46,scoring!$U$10:$AA$105,7,FALSE)-72*3 -> 67 | I46: Bryson DeChambeau | J46: =+VLOOKUP(I46,scoring!$U$10:$AA$105,7,FALSE)-72*3 -> 65 | K46: Shane Lowry | L46: =+VLOOKUP(K46,scoring!$U$10:$AA$105,7,FALSE)-72*3 -> 76 | M46: Corey Conners | N46: =+VLOOKUP(M46,scoring!$U$10:$AA$105,7,FALSE)-72*3 -> 67 | O46: Sepp Straka | P46: =+VLOOKUP(O46,scoring!$U$10:$AA$105,7,FALSE)-72*3 -> 98 | Q46: No Player | R46: =+VLOOKUP(Q46,scoring!$U$10:$AA$105,7,FALSE)-72*3 -> 111 | S46: No Player | T46: =+VLOOKUP(S46,scoring!$U$10:$AA$105,7,FALSE)-72*3 -> 111 | U46: =IFERROR(SMALL(E46:T46,1)+SMALL(E46:T46,2)+SMALL(E46:T46,3),IFERROR(SMALL(E46:T46,1)+SMALL(E46:T46,2),IFERROR(SMALL(E46:T46,1),"-"))) -> 199
A47: 38 | B47: Green Machine | C47: Laura Green | D47: LG | E47: Ludvig Aberg | F47: =+VLOOKUP(E47,scoring!$U$10:$AA$105,7,FALSE)-72*3 -> 66 | G47: Ludvig Aberg | H47: =+VLOOKUP(G47,scoring!$U$10:$AA$105,7,FALSE)-72*3 -> 66 | I47: Bryson DeChambeau | J47: =+VLOOKUP(I47,scoring!$U$10:$AA$105,7,FALSE)-72*3 -> 65 | K47: Min Woo Lee | L47: =+VLOOKUP(K47,scoring!$U$10:$AA$105,7,FALSE)-72*3 -> 78 | M47: Sahith Theegala | N47: =+VLOOKUP(M47,scoring!$U$10:$AA$105,7,FALSE)-72*3 -> 72 | O47: Billy Horschel | P47: =+VLOOKUP(O47,scoring!$U$10:$AA$105,7,FALSE)-72*3 -> 98 | Q47: Cameron Young | R47: =+VLOOKUP(Q47,scoring!$U$10:$AA$105,7,FALSE)-72*3 -> 100 | S47: Jhonattan Vegas | T47: =+VLOOKUP(S47,scoring!$U$10:$AA$105,7,FALSE)-72*3 -> 99 | U47: =IFERROR(SMALL(E47:T47,1)+SMALL(E47:T47,2)+SMALL(E47:T47,3),IFERROR(SMALL(E47:T47,1)+SMALL(E47:T47,2),IFERROR(SMALL(E47:T47,1),"-"))) -> 197
A48: 11 | B48: Every day is Moving Day | C48: James Fetch | D48: JF | E48: Jon Rahm | F48: =+VLOOKUP(E48,scoring!$U$10:$AA$105,7,FALSE)-72*3 -> 69 | G48: Bryson DeChambeau | H48: =+VLOOKUP(G48,scoring!$U$10:$AA$105,7,FALSE)-72*3 -> 65 | I48: Brooks Koepka | J48: =+VLOOKUP(I48,scoring!$U$10:$AA$105,7,FALSE)-72*3 -> 98 | K48: Jordan Spieth | L48: =+VLOOKUP(K48,scoring!$U$10:$AA$105,7,FALSE)-72*3 -> 69 | M48: Patrick Reed | N48: =+VLOOKUP(M48,scoring!$U$10:$AA$105,7,FALSE)-72*3 -> 63 | O48: Justin Rose | P48: =+VLOOKUP(O48,scoring!$U$10:$AA$105,7,FALSE)-72*3 -> 61 | Q48: Nicolai Højgaard | R48: =+VLOOKUP(Q48,scoring!$U$10:$AA$105,7,FALSE)-72*3 -> 99 | S48: Harris English | T48: =+VLOOKUP(S48,scoring!$U$10:$AA$105,7,FALSE)-72*3 -> 68 | U48: =IFERROR(SMALL(E48:T48,1)+SMALL(E48:T48,2)+SMALL(E48:T48,3),IFERROR(SMALL(E48:T48,1)+SMALL(E48:T48,2),IFERROR(SMALL(E48:T48,1),"-"))) -> 189
A49: 23 | B49: TheProperLuncher | C49: Charles Ouellett | D49: CO | E49: Ludvig Aberg | F49: =+VLOOKUP(E49,scoring!$U$10:$AA$105,7,FALSE)-72*3 -> 66 | G49: Ludvig Aberg | H49: =+VLOOKUP(G49,scoring!$U$10:$AA$105,7,FALSE)-72*3 -> 66 | I49: Ludvig Aberg | J49: =+VLOOKUP(I49,scoring!$U$10:$AA$105,7,FALSE)-72*3 -> 66 | K49: Cameron Smith | L49: =+VLOOKUP(K49,scoring!$U$10:$AA$105,7,FALSE)-72*3 -> 98 | M49: Corey Conners | N49: =+VLOOKUP(M49,scoring!$U$10:$AA$105,7,FALSE)-72*3 -> 67 | O49: No Player | P49: =+VLOOKUP(O49,scoring!$U$10:$AA$105,7,FALSE)-72*3 -> 111 | Q49: No Player | R49: =+VLOOKUP(Q49,scoring!$U$10:$AA$105,7,FALSE)-72*3 -> 111 | S49: No Player | T49: =+VLOOKUP(S49,scoring!$U$10:$AA$105,7,FALSE)-72*3 -> 111 | U49: =IFERROR(SMALL(E49:T49,1)+SMALL(E49:T49,2)+SMALL(E49:T49,3),IFERROR(SMALL(E49:T49,1)+SMALL(E49:T49,2),IFERROR(SMALL(E49:T49,1),"-"))) -> 198
A50: 29 | B50: MullinsDoubles | C50: Andy Mullins | D50: AM | E50: Bryson DeChambeau | F50: =+VLOOKUP(E50,scoring!$U$10:$AA$105,7,FALSE)-72*3 -> 65 | G50: Bryson DeChambeau | H50: =+VLOOKUP(G50,scoring!$U$10:$AA$105,7,FALSE)-72*3 -> 65 | I50: Joaquin Niemann | J50: =+VLOOKUP(I50,scoring!$U$10:$AA$105,7,FALSE)-72*3 -> 72 | K50: Joaquin Niemann | L50: =+VLOOKUP(K50,scoring!$U$10:$AA$105,7,FALSE)-72*3 -> 72 | M50: Robert MacIntyre | N50: =+VLOOKUP(M50,scoring!$U$10:$AA$105,7,FALSE)-72*3 -> 99 | O50: Robert MacIntyre | P50: =+VLOOKUP(O50,scoring!$U$10:$AA$105,7,FALSE)-72*3 -> 99 | Q50: No Player | R50: =+VLOOKUP(Q50,scoring!$U$10:$AA$105,7,FALSE)-72*3 -> 111 | S50: No Player | T50: =+VLOOKUP(S50,scoring!$U$10:$AA$105,7,FALSE)-72*3 -> 111 | U50: =IFERROR(SMALL(E50:T50,1)+SMALL(E50:T50,2)+SMALL(E50:T50,3),IFERROR(SMALL(E50:T50,1)+SMALL(E50:T50,2),IFERROR(SMALL(E50:T50,1),"-"))) -> 202
A51: 12 | B51: Lafferty, Daniel | C51: Brad McLaughlin | D51: BM | E51: Ludvig Aberg | F51: =+VLOOKUP(E51,scoring!$U$10:$AA$105,7,FALSE)-72*3 -> 66 | G51: Collin Morikawa | H51: =+VLOOKUP(G51,scoring!$U$10:$AA$105,7,FALSE)-72*3 -> 69 | I51: Viktor Hovland | J51: =+VLOOKUP(I51,scoring!$U$10:$AA$105,7,FALSE)-72*3 -> 70 | K51: Bryson DeChambeau | L51: =+VLOOKUP(K51,scoring!$U$10:$AA$105,7,FALSE)-72*3 -> 65 | M51: Tony Finau | N51: =+VLOOKUP(M51,scoring!$U$10:$AA$105,7,FALSE)-72*3 -> 97 | O51: Nick Dunlap | P51: =+VLOOKUP(O51,scoring!$U$10:$AA$105,7,FALSE)-72*3 -> 110 | Q51: No Player | R51: =+VLOOKUP(Q51,scoring!$U$10:$AA$105,7,FALSE)-72*3 -> 111 | S51: No Player | T51: =+VLOOKUP(S51,scoring!$U$10:$AA$105,7,FALSE)-72*3 -> 111 | U51: =IFERROR(SMALL(E51:T51,1)+SMALL(E51:T51,2)+SMALL(E51:T51,3),IFERROR(SMALL(E51:T51,1)+SMALL(E51:T51,2),IFERROR(SMALL(E51:T51,1),"-"))) -> 200
A52: 18 | B52: Kangaroo Took My Ball | C52: Chris Floyd | D52: CF | E52: Collin Morikawa | F52: =+VLOOKUP(E52,scoring!$U$10:$AA$105,7,FALSE)-72*3 -> 69 | G52: Bryson DeChambeau | H52: =+VLOOKUP(G52,scoring!$U$10:$AA$105,7,FALSE)-72*3 -> 65 | I52: Xander Schauffele | J52: =+VLOOKUP(I52,scoring!$U$10:$AA$105,7,FALSE)-72*3 -> 67 | K52: Shane Lowry | L52: =+VLOOKUP(K52,scoring!$U$10:$AA$105,7,FALSE)-72*3 -> 76 | M52: Will Zalatoris | N52: =+VLOOKUP(M52,scoring!$U$10:$AA$105,7,FALSE)-72*3 -> 101 | O52: Nick Taylor | P52: =+VLOOKUP(O52,scoring!$U$10:$AA$105,7,FALSE)-72*3 -> 75 | Q52: No Player | R52: =+VLOOKUP(Q52,scoring!$U$10:$AA$105,7,FALSE)-72*3 -> 111 | S52: No Player | T52: =+VLOOKUP(S52,scoring!$U$10:$AA$105,7,FALSE)-72*3 -> 111 | U52: =IFERROR(SMALL(E52:T52,1)+SMALL(E52:T52,2)+SMALL(E52:T52,3),IFERROR(SMALL(E52:T52,1)+SMALL(E52:T52,2),IFERROR(SMALL(E52:T52,1),"-"))) -> 201
A53: 15 | B53: Ludvig Levered 2x Daily | C53: Jacob Norris | D53: JN | E53: Ludvig Aberg | F53: =+VLOOKUP(E53,scoring!$U$10:$AA$105,7,FALSE)-72*3 -> 66 | G53: Ludvig Aberg | H53: =+VLOOKUP(G53,scoring!$U$10:$AA$105,7,FALSE)-72*3 -> 66 | I53: Russell Henley | J53: =+VLOOKUP(I53,scoring!$U$10:$AA$105,7,FALSE)-72*3 -> 96 | K53: Russell Henley | L53: =+VLOOKUP(K53,scoring!$U$10:$AA$105,7,FALSE)-72*3 -> 96 | M53: Viktor Hovland | N53: =+VLOOKUP(M53,scoring!$U$10:$AA$105,7,FALSE)-72*3 -> 70 | O53: Patrick Reed | P53: =+VLOOKUP(O53,scoring!$U$10:$AA$105,7,FALSE)-72*3 -> 63 | Q53: Lucas Glover | R53: =+VLOOKUP(Q53,scoring!$U$10:$AA$105,7,FALSE)-72*3 -> 101 | S53: Lucas Glover | T53: =+VLOOKUP(S53,scoring!$U$10:$AA$105,7,FALSE)-72*3 -> 101 | U53: =IFERROR(SMALL(E53:T53,1)+SMALL(E53:T53,2)+SMALL(E53:T53,3),IFERROR(SMALL(E53:T53,1)+SMALL(E53:T53,2),IFERROR(SMALL(E53:T53,1),"-"))) -> 195
A54: 22 | B54: Scattershot | C54: Bill Kohli | D54: BK | E54: Collin Morikawa | F54: =+VLOOKUP(E54,scoring!$U$10:$AA$105,7,FALSE)-72*3 -> 69 | G54: Hideki Matsuyama | H54: =+VLOOKUP(G54,scoring!$U$10:$AA$105,7,FALSE)-72*3 -> 70 | I54: Shane Lowry | J54: =+VLOOKUP(I54,scoring!$U$10:$AA$105,7,FALSE)-72*3 -> 76 | K54: Patrick Cantlay | L54: =+VLOOKUP(K54,scoring!$U$10:$AA$105,7,FALSE)-72*3 -> 74 | M54: Min Woo Lee | N54: =+VLOOKUP(M54,scoring!$U$10:$AA$105,7,FALSE)-72*3 -> 78 | O54: Corey Conners | P54: =+VLOOKUP(O54,scoring!$U$10:$AA$105,7,FALSE)-72*3 -> 67 | Q54: Tony Finau | R54: =+VLOOKUP(Q54,scoring!$U$10:$AA$105,7,FALSE)-72*3 -> 97 | S54: Jason Day | T54: =+VLOOKUP(S54,scoring!$U$10:$AA$105,7,FALSE)-72*3 -> 67 | U54: =IFERROR(SMALL(E54:T54,1)+SMALL(E54:T54,2)+SMALL(E54:T54,3),IFERROR(SMALL(E54:T54,1)+SMALL(E54:T54,2),IFERROR(SMALL(E54:T54,1),"-"))) -> 203
A55: 33 | B55: Ty Webb's illegitimate stepchild | C55: Tom Nelson | D55: TN | E55: Ludvig Aberg | F55: =+VLOOKUP(E55,scoring!$U$10:$AA$105,7,FALSE)-72*3 -> 66 | G55: Ludvig Aberg | H55: =+VLOOKUP(G55,scoring!$U$10:$AA$105,7,FALSE)-72*3 -> 66 | I55: Justin Rose | J55: =+VLOOKUP(I55,scoring!$U$10:$AA$105,7,FALSE)-72*3 -> 61 | K55: Patrick Reed | L55: =+VLOOKUP(K55,scoring!$U$10:$AA$105,7,FALSE)-72*3 -> 63 | M55: Justin Thomas | N55: =+VLOOKUP(M55,scoring!$U$10:$AA$105,7,FALSE)-72*3 -> 74 | O55: J. J. Spaun | P55: =+VLOOKUP(O55,scoring!$U$10:$AA$105,7,FALSE)-72*3 -> 79 | Q55: Bubba Watson | R55: =+VLOOKUP(Q55,scoring!$U$10:$AA$105,7,FALSE)-72*3 -> 69 | S55: Tony Finau | T55: =+VLOOKUP(S55,scoring!$U$10:$AA$105,7,FALSE)-72*3 -> 97 | U55: =IFERROR(SMALL(E55:T55,1)+SMALL(E55:T55,2)+SMALL(E55:T55,3),IFERROR(SMALL(E55:T55,1)+SMALL(E55:T55,2),IFERROR(SMALL(E55:T55,1),"-"))) -> 190
A56: 36 | B56: Often wrong but never in doubt | C56: Scott Sipple | D56: SS | E56: Rory McIlroy | F56: =+VLOOKUP(E56,scoring!$U$10:$AA$105,7,FALSE)-72*3 -> 61 | G56: Ludvig Aberg | H56: =+VLOOKUP(G56,scoring!$U$10:$AA$105,7,FALSE)-72*3 -> 66 | I56: Daniel Berger | J56: =+VLOOKUP(I56,scoring!$U$10:$AA$105,7,FALSE)-72*3 -> 70 | K56: Maverick McNealy | L56: =+VLOOKUP(K56,scoring!$U$10:$AA$105,7,FALSE)-72*3 -> 73 | M56: No Player | N56: =+VLOOKUP(M56,scoring!$U$10:$AA$105,7,FALSE)-72*3 -> 111 | O56: No Player | P56: =+VLOOKUP(O56,scoring!$U$10:$AA$105,7,FALSE)-72*3 -> 111 | Q56: No Player | R56: =+VLOOKUP(Q56,scoring!$U$10:$AA$105,7,FALSE)-72*3 -> 111 | S56: No Player | T56: =+VLOOKUP(S56,scoring!$U$10:$AA$105,7,FALSE)-72*3 -> 111 | U56: =IFERROR(SMALL(E56:T56,1)+SMALL(E56:T56,2)+SMALL(E56:T56,3),IFERROR(SMALL(E56:T56,1)+SMALL(E56:T56,2),IFERROR(SMALL(E56:T56,1),"-"))) -> 197
A57: 39 | B57: The Chipinskis | C57: Peter Sharpe | D57: PS | E57: Collin Morikawa | F57: =+VLOOKUP(E57,scoring!$U$10:$AA$105,7,FALSE)-72*3 -> 69 | G57: Xander Schauffele | H57: =+VLOOKUP(G57,scoring!$U$10:$AA$105,7,FALSE)-72*3 -> 67 | I57: Tom Hoge | J57: =+VLOOKUP(I57,scoring!$U$10:$AA$105,7,FALSE)-72*3 -> 69 | K57: Tyrrell Hatton | L57: =+VLOOKUP(K57,scoring!$U$10:$AA$105,7,FALSE)-72*3 -> 69 | M57: Min Woo Lee | N57: =+VLOOKUP(M57,scoring!$U$10:$AA$105,7,FALSE)-72*3 -> 78 | O57: Shane Lowry | P57: =+VLOOKUP(O57,scoring!$U$10:$AA$105,7,FALSE)-72*3 -> 76 | Q57: Brian Harman | R57: =+VLOOKUP(Q57,scoring!$U$10:$AA$105,7,FALSE)-72*3 -> 74 | S57: Corey Conners | T57: =+VLOOKUP(S57,scoring!$U$10:$AA$105,7,FALSE)-72*3 -> 67 | U57: =IFERROR(SMALL(E57:T57,1)+SMALL(E57:T57,2)+SMALL(E57:T57,3),IFERROR(SMALL(E57:T57,1)+SMALL(E57:T57,2),IFERROR(SMALL(E57:T57,1),"-"))) -> 203
... A84: 14 | B84: District Five | C84: Tucker Donahoe | D84: TD | E84: Ludvig Aberg | F84: =+VLOOKUP(E84,scoring!$U$10:$AA$105,7,FALSE)-72*3 -> 66 | G84: Russell Henley | H84: =+VLOOKUP(G84,scoring!$U$10:$AA$105,7,FALSE)-72*3 -> 96 | I84: Russell Henley | J84: =+VLOOKUP(I84,scoring!$U$10:$AA$105,7,FALSE)-72*3 -> 96 | K84: Russell Henley | L84: =+VLOOKUP(K84,scoring!$U$10:$AA$105,7,FALSE)-72*3 -> 96 | M84: Cameron Smith | N84: =+VLOOKUP(M84,scoring!$U$10:$AA$105,7,FALSE)-72*3 -> 98 | O84: Cameron Smith | P84: =+VLOOKUP(O84,scoring!$U$10:$AA$105,7,FALSE)-72*3 -> 98 | Q84: Cameron Smith | R84: =+VLOOKUP(Q84,scoring!$U$10:$AA$105,7,FALSE)-72*3 -> 98 | S84: Brooks Koepka | T84: =+VLOOKUP(S84,scoring!$U$10:$AA$105,7,FALSE)-72*3 -> 98 | U84: =IFERROR(SMALL(E84:T84,1)+SMALL(E84:T84,2)+SMALL(E84:T84,3),IFERROR(SMALL(E84:T84,1)+SMALL(E84:T84,2),IFERROR(SMALL(E84:T84,1),"-"))) -> 258
B86: LaPlant | C86: Matt LaPlant | D86: ML | E86: Xander Schauffele | F86: =+VLOOKUP(E86,scoring!$U$10:$AA$105,7,FALSE)-72*3 -> 67 | G86: Xander Schauffele | H86: =+VLOOKUP(G86,scoring!$U$10:$AA$105,7,FALSE)-72*3 -> 67 | I86: Bryson DeChambeau | J86: =+VLOOKUP(I86,scoring!$U$10:$AA$105,7,FALSE)-72*3 -> 65 | K86: Shane Lowry | L86: =+VLOOKUP(K86,scoring!$U$10:$AA$105,7,FALSE)-72*3 -> 76 | M86: Corey Conners | N86: =+VLOOKUP(M86,scoring!$U$10:$AA$105,7,FALSE)-72*3 -> 67 | O86: Sepp Straka | P86: =+VLOOKUP(O86,scoring!$U$10:$AA$105,7,FALSE)-72*3 -> 98 | Q86: No Player | R86: =+VLOOKUP(Q86,scoring!$U$10:$AA$105,7,FALSE)-72*3 -> 111 | S86: No Player | T86: =+VLOOKUP(S86,scoring!$U$10:$AA$105,7,FALSE)-72*3 -> 111 | U86: =IFERROR(SMALL(E86:T86,1)+SMALL(E86:T86,2)+SMALL(E86:T86,3),IFERROR(SMALL(E86:T86,1)+SMALL(E86:T86,2),IFERROR(SMALL(E86:T86,1),"-"))) -> 199
B87: Green Machine | C87: Laura Green | D87: LG | E87: Ludvig Aberg | F87: =+VLOOKUP(E87,scoring!$U$10:$AA$105,7,FALSE)-72*3 -> 66 | G87: Ludvig Aberg | H87: =+VLOOKUP(G87,scoring!$U$10:$AA$105,7,FALSE)-72*3 -> 66 | I87: Bryson DeChambeau | J87: =+VLOOKUP(I87,scoring!$U$10:$AA$105,7,FALSE)-72*3 -> 65 | K87: Min Woo Lee | L87: =+VLOOKUP(K87,scoring!$U$10:$AA$105,7,FALSE)-72*3 -> 78 | M87: Sahith Theegala | N87: =+VLOOKUP(M87,scoring!$U$10:$AA$105,7,FALSE)-72*3 -> 72 | O87: Billy Horschel | P87: =+VLOOKUP(O87,scoring!$U$10:$AA$105,7,FALSE)-72*3 -> 98 | Q87: Cameron Young | R87: =+VLOOKUP(Q87,scoring!$U$10:$AA$105,7,FALSE)-72*3 -> 100 | S87: Jhonattan Vegas | T87: =+VLOOKUP(S87,scoring!$U$10:$AA$105,7,FALSE)-72*3 -> 99 | U87: =IFERROR(SMALL(E87:T87,1)+SMALL(E87:T87,2)+SMALL(E87:T87,3),IFERROR(SMALL(E87:T87,1)+SMALL(E87:T87,2),IFERROR(SMALL(E87:T87,1),"-"))) -> 197
B88: Every day is Moving Day | C88: James Fetch | D88: JF | E88: Jon Rahm | F88: =+VLOOKUP(E88,scoring!$U$10:$AA$105,7,FALSE)-72*3 -> 69 | G88: Bryson DeChambeau | H88: =+VLOOKUP(G88,scoring!$U$10:$AA$105,7,FALSE)-72*3 -> 65 | I88: Brooks Koepka | J88: =+VLOOKUP(I88,scoring!$U$10:$AA$105,7,FALSE)-72*3 -> 98 | K88: Jordan Spieth | L88: =+VLOOKUP(K88,scoring!$U$10:$AA$105,7,FALSE)-72*3 -> 69 | M88: Patrick Reed | N88: =+VLOOKUP(M88,scoring!$U$10:$AA$105,7,FALSE)-72*3 -> 63 | O88: Justin Rose | P88: =+VLOOKUP(O88,scoring!$U$10:$AA$105,7,FALSE)-72*3 -> 61 | Q88: Nicolai Højgaard | R88: =+VLOOKUP(Q88,scoring!$U$10:$AA$105,7,FALSE)-72*3 -> 99 | S88: Harris English | T88: =+VLOOKUP(S88,scoring!$U$10:$AA$105,7,FALSE)-72*3 -> 68 | U88: =IFERROR(SMALL(E88:T88,1)+SMALL(E88:T88,2)+SMALL(E88:T88,3),IFERROR(SMALL(E88:T88,1)+SMALL(E88:T88,2),IFERROR(SMALL(E88:T88,1),"-"))) -> 189
B89: TheProperLuncher | C89: Charles Ouellett | D89: CO | E89: Ludvig Aberg | F89: =+VLOOKUP(E89,scoring!$U$10:$AA$105,7,FALSE)-72*3 -> 66 | G89: Ludvig Aberg | H89: =+VLOOKUP(G89,scoring!$U$10:$AA$105,7,FALSE)-72*3 -> 66 | I89: Ludvig Aberg | J89: =+VLOOKUP(I89,scoring!$U$10:$AA$105,7,FALSE)-72*3 -> 66 | K89: Cameron Smith | L89: =+VLOOKUP(K89,scoring!$U$10:$AA$105,7,FALSE)-72*3 -> 98 | M89: Corey Conners | N89: =+VLOOKUP(M89,scoring!$U$10:$AA$105,7,FALSE)-72*3 -> 67 | O89: No Player | P89: =+VLOOKUP(O89,scoring!$U$10:$AA$105,7,FALSE)-72*3 -> 111 | Q89: No Player | R89: =+VLOOKUP(Q89,scoring!$U$10:$AA$105,7,FALSE)-72*3 -> 111 | S89: No Player | T89: =+VLOOKUP(S89,scoring!$U$10:$AA$105,7,FALSE)-72*3 -> 111 | U89: =IFERROR(SMALL(E89:T89,1)+SMALL(E89:T89,2)+SMALL(E89:T89,3),IFERROR(SMALL(E89:T89,1)+SMALL(E89:T89,2),IFERROR(SMALL(E89:T89,1),"-"))) -> 198
B90: MullinsDoubles | C90: Andy Mullins | D90: AM | E90: Bryson DeChambeau | F90: =+VLOOKUP(E90,scoring!$U$10:$AA$105,7,FALSE)-72*3 -> 65 | G90: Bryson DeChambeau | H90: =+VLOOKUP(G90,scoring!$U$10:$AA$105,7,FALSE)-72*3 -> 65 | I90: Joaquin Niemann | J90: =+VLOOKUP(I90,scoring!$U$10:$AA$105,7,FALSE)-72*3 -> 72 | K90: Joaquin Niemann | L90: =+VLOOKUP(K90,scoring!$U$10:$AA$105,7,FALSE)-72*3 -> 72 | M90: Robert MacIntyre | N90: =+VLOOKUP(M90,scoring!$U$10:$AA$105,7,FALSE)-72*3 -> 99 | O90: Robert MacIntyre | P90: =+VLOOKUP(O90,scoring!$U$10:$AA$105,7,FALSE)-72*3 -> 99 | Q90: No Player | R90: =+VLOOKUP(Q90,scoring!$U$10:$AA$105,7,FALSE)-72*3 -> 111 | S90: No Player | T90: =+VLOOKUP(S90,scoring!$U$10:$AA$105,7,FALSE)-72*3 -> 111 | U90: =IFERROR(SMALL(E90:T90,1)+SMALL(E90:T90,2)+SMALL(E90:T90,3),IFERROR(SMALL(E90:T90,1)+SMALL(E90:T90,2),IFERROR(SMALL(E90:T90,1),"-"))) -> 202

Sheet Round 4 Scores
A1: Round 4
A2: Team # | B2: Team | C2: Captain | D2: Initials | E2: Golfer 1 | G2: Golfer 2 | I2: Golfer 3 | K2: Golfer 4 | M2: Golfer 5 | O2: Golfer 6 | Q2: Golfer 7 | S2: Golfer 8 | U2: SCORE
A3: 6 | B3: Fire Nico | C3: Dan Lahrman | D3: DL | E3: Viktor Hovland | F3: =+VLOOKUP(E3,scoring!$U$10:$AA$105,6,FALSE)-72 -> 1 | G3: Viktor Hovland | H3: =+VLOOKUP(G3,scoring!$U$10:$AA$105,6,FALSE)-72 -> 1 | I3: Jordan Spieth | J3: =+VLOOKUP(I3,scoring!$U$10:$AA$105,6,FALSE)-72 -> -2 | K3: Jordan Spieth | L3: =+VLOOKUP(K3,scoring!$U$10:$AA$105,6,FALSE)-72 -> -2 | M3: Hideki Matsuyama | N3: =+VLOOKUP(M3,scoring!$U$10:$AA$105,6,FALSE)-72 -> -6 | O3: Hideki Matsuyama | P3: =+VLOOKUP(O3,scoring!$U$10:$AA$105,6,FALSE)-72 -> -6 | Q3: Jason Day | R3: =+VLOOKUP(Q3,scoring!$U$10:$AA$105,6,FALSE)-72 -> 0 | S3: Jason Day | T3: =+VLOOKUP(S3,scoring!$U$10:$AA$105,6,FALSE)-72 -> 0 | U3: =IFERROR(SMALL(E3:T3,1)+SMALL(E3:T3,2)+SMALL(E3:T3,3),IFERROR(SMALL(E3:T3,1)+SMALL(E3:T3,2),IFERROR(SMALL(E3:T3,1),"-"))) -> -14
A4: 11 | B4: Every day is Moving Day | C4: James Fetch | D4: JF | E4: Jon Rahm | F4: =+VLOOKUP(E4,scoring!$U$10:$AA$105,6,FALSE)-72 -> -3 | G4: Bryson DeChambeau | H4: =+VLOOKUP(G4,scoring!$U$10:$AA$105,6,FALSE)-72 -> 3 | I4: Brooks Koepka | J4: =+VLOOKUP(I4,scoring!$U$10:$AA$105,6,FALSE)-72 -> 13 | K4: Jordan Spieth | L4: =+VLOOKUP(K4,scoring!$U$10:$AA$105,6,FALSE)-72 -> -2 | M4: Patrick Reed | N4: =+VLOOKUP(M4,scoring!$U$10:$AA$105,6,FALSE)-72 -> -3 | O4: Justin Rose | P4: =+VLOOKUP(O4,scoring!$U$10:$AA$105,6,FALSE)-72 -> -6 | Q4: Nicolai Højgaard | R4: =+VLOOKUP(Q4,scoring!$U$10:$AA$105,6,FALSE)-72 -> 13 | S4: Harris English | T4: =+VLOOKUP(S4,scoring!$U$10:$AA$105,6,FALSE)-72 -> -4 | U4: =IFERROR(SMALL(E4:T4,1)+SMALL(E4:T4,2)+SMALL(E4:T4,3),IFERROR(SMALL(E4:T4,1)+SMALL(E4:T4,2),IFERROR(SMALL(E4:T4,1),"-"))) -> -13
A5: 33 | B5: Ty Webb's illegitimate stepchild | C5: Tom Nelson | D5: TN | E5: Ludvig Aberg | F5: =+VLOOKUP(E5,scoring!$U$10:$AA$105,6,FALSE)-72 -> 0 | G5: Ludvig Aberg | H5: =+VLOOKUP(G5,scoring!$U$10:$AA$105,6,FALSE)-72 -> 0 | I5: Justin Rose | J5: =+VLOOKUP(I5,scoring!$U$10:$AA$105,6,FALSE)-72 -> -6 | K5: Patrick Reed | L5: =+VLOOKUP(K5,scoring!$U$10:$AA$105,6,FALSE)-72 -> -3 | M5: Justin Thomas | N5: =+VLOOKUP(M5,scoring!$U$10:$AA$105,6,FALSE)-72 -> -2 | O5: J. J. Spaun | P5: =+VLOOKUP(O5,scoring!$U$10:$AA$105,6,FALSE)-72 -> 3 | Q5: Bubba Watson | R5: =+VLOOKUP(Q5,scoring!$U$10:$AA$105,6,FALSE)-72 -> -4 | S5: Tony Finau | T5: =+VLOOKUP(S5,scoring!$U$10:$AA$105,6,FALSE)-72 -> 13 | U5: =IFERROR(SMALL(E5:T5,1)+SMALL(E5:T5,2)+SMALL(E5:T5,3),IFERROR(SMALL(E5:T5,1)+SMALL(E5:T5,2),IFERROR(SMALL(E5:T5,1),"-"))) -> -13
A6: 31 | B6: Hello Friends | C6: Norm Boucher | D6: NB | E6: Collin Morikawa | F6: =+VLOOKUP(E6,scoring!$U$10:$AA$105,6,FALSE)-72 -> 0 | G6: Xander Schauffele | H6: =+VLOOKUP(G6,scoring!$U$10:$AA$105,6,FALSE)-72 -> -1 | I6: Brooks Koepka | J6: =+VLOOKUP(I6,scoring!$U$10:$AA$105,6,FALSE)-72 -> 13 | K6: Jordan Spieth | L6: =+VLOOKUP(K6,scoring!$U$10:$AA$105,6,FALSE)-72 -> -2 | M6: Hideki Matsuyama | N6: =+VLOOKUP(M6,scoring!$U$10:$AA$105,6,FALSE)-72 -> -6 | O6: Brian Campbell | P6: =+VLOOKUP(O6,scoring!$U$10:$AA$105,6,FALSE)-72 -> -4 | Q6: No Player | R6: =+VLOOKUP(Q6,scoring!$U$10:$AA$105,6,FALSE)-72 -> 14 | S6: No Player | T6: =+VLOOKUP(S6,scoring!$U$10:$AA$105,6,FALSE)-72 -> 14 | U6: =IFERROR(SMALL(E6:T6,1)+SMALL(E6:T6,2)+SMALL(E6:T6,3),IFERROR(SMALL(E6:T6,1)+SMALL(E6:T6,2),IFERROR(SMALL(E6:T6,1),"-"))) -> -12
A7: 3 | B7: Minnesota Miracle | C7: Thad Williams | D7: TW | E7: Collin Morikawa | F7: =+VLOOKUP(E7,scoring!$U$10:$AA$105,6,FALSE)-72 -> 0 | G7: Hideki Matsuyama | H7: =+VLOOKUP(G7,scoring!$U$10:$AA$105,6,FALSE)-72 -> -6 | I7: Hideki Matsuyama | J7: =+VLOOKUP(I7,scoring!$U$10:$AA$105,6,FALSE)-72 -> -6 | K7: Brooks Koepka | L7: =+VLOOKUP(K7,scoring!$U$10:$AA$105,6,FALSE)-72 -> 13 | M7: Robert MacIntyre | N7: =+VLOOKUP(M7,scoring!$U$10:$AA$105,6,FALSE)-72 -> 13 | O7: Will Zalatoris | P7: =+VLOOKUP(O7,scoring!$U$10:$AA$105,6,FALSE)-72 -> 13 | Q7: Phil Mickelson | R7: =+VLOOKUP(Q7,scoring!$U$10:$AA$105,6,FALSE)-72 -> 13 | S7: Laurie Canter | T7: =+VLOOKUP(S7,scoring!$U$10:$AA$105,6,FALSE)-72 -> 13 | U7: =IFERROR(SMALL(E7:T7,1)+SMALL(E7:T7,2)+SMALL(E7:T7,3),IFERROR(SMALL(E7:T7,1)+SMALL(E7:T7,2),IFERROR(SMALL(E7:T7,1),"-"))) -> -12
A8: 4 | B8: Play the fade | C8: Dan Riordan | D8: DR | E8: Ludvig Aberg | F8: =+VLOOKUP(E8,scoring!$U$10:$AA$105,6,FALSE)-72 -> 0 | G8: Justin Thomas | H8: =+VLOOKUP(G8,scoring!$U$10:$AA$105,6,FALSE)-72 -> -2 | I8: Hideki Matsuyama | J8: =+VLOOKUP(I8,scoring!$U$10:$AA$105,6,FALSE)-72 -> -6 | K8: Russell Henley | L8: =+VLOOKUP(K8,scoring!$U$10:$AA$105,6,FALSE)-72 -> 13 | M8: Akshay Bhatia | N8: =+VLOOKUP(M8,scoring!$U$10:$AA$105,6,FALSE)-72 -> -1 | O8: Akshay Bhatia | P8: =+VLOOKUP(O8,scoring!$U$10:$AA$105,6,FALSE)-72 -> -1 | Q8: Corey Conners | R8: =+VLOOKUP(Q8,scoring!$U$10:$AA$105,6,FALSE)-72 -> 3 | S8: Lucas Glover | T8: =+VLOOKUP(S8,scoring!$U$10:$AA$105,6,FALSE)-72 -> 13 | U8: =IFERROR(SMALL(E8:T8,1)+SMALL(E8:T8,2)+SMALL(E8:T8,3),IFERROR(SMALL(E8:T8,1)+SMALL(E8:T8,2),IFERROR(SMALL(E8:T8,1),"-"))) -> -9
A9: 26 | B9: The Tremendous Slouches | C9: Mike Wands | D9: MW | E9: Jon Rahm | F9: =+VLOOKUP(E9,scoring!$U$10:$AA$105,6,FALSE)-72 -> -3 | G9: Ludvig Aberg | H9: =+VLOOKUP(G9,scoring!$U$10:$AA$105,6,FALSE)-72 -> 0 | I9: Hideki Matsuyama | J9: =+VLOOKUP(I9,scoring!$U$10:$AA$105,6,FALSE)-72 -> -6 | K9: Brooks Koepka | L9: =+VLOOKUP(K9,scoring!$U$10:$AA$105,6,FALSE)-72 -> 13 | M9: Cameron Smith | N9: =+VLOOKUP(M9,scoring!$U$10:$AA$105,6,FALSE)-72 -> 13 | O9: No Player | P9: =+VLOOKUP(O9,scoring!$U$10:$AA$105,6,FALSE)-72 -> 14 | Q9: No Player | R9: =+VLOOKUP(Q9,scoring!$U$10:$AA$105,6,FALSE)-72 -> 14 | S9: No Player | T9: =+VLOOKUP(S9,scoring!$U$10:$AA$105,6,FALSE)-72 -> 14 | U9: =IFERROR(SMALL(E9:T9,1)+SMALL(E9:T9,2)+SMALL(E9:T9,3),IFERROR(SMALL(E9:T9,1)+SMALL(E9:T9,2),IFERROR(SMALL(E9:T9,1),"-"))) -> -9
A10: 19 | B10: ZWill #2 | C10: Zach Williams | D10: ZW | E10: Rory McIlroy | F10: =+VLOOKUP(E10,scoring!$U$10:$AA$105,6,FALSE)-72 -> 1 | G10: Min Woo Lee | H10: =+VLOOKUP(G10,scoring!$U$10:$AA$105,6,FALSE)-72 -> 2 | I10: Min Woo Lee | J10: =+VLOOKUP(I10,scoring!$U$10:$AA$105,6,FALSE)-72 -> 2 | K10: Akshay Bhatia | L10: =+VLOOKUP(K10,scoring!$U$10:$AA$105,6,FALSE)-72 -> -1 | M10: Akshay Bhatia | N10: =+VLOOKUP(M10,scoring!$U$10:$AA$105,6,FALSE)-72 -> -1 | O10: Justin Rose | P10: =+VLOOKUP(O10,scoring!$U$10:$AA$105,6,FALSE)-72 -> -6 | Q10: No Player | R10: =+VLOOKUP(Q10,scoring!$U$10:$AA$105,6,FALSE)-72 -> 14 | S10: No Player | T10: =+VLOOKUP(S10,scoring!$U$10:$AA$105,6,FALSE)-72 -> 14 | U10: =IFERROR(SMALL(E10:T10,1)+SMALL(E10:T10,2)+SMALL(E10:T10,3),IFERROR(SMALL(E10:T10,1)+SMALL(E10:T10,2),IFERROR(SMALL(E10:T10,1),"-"))) -> -8
A11: 22 | B11: Scattershot | C11: Bill Kohli | D11: BK | E11: Collin Morikawa | F11: =+VLOOKUP(E11,scoring!$U$10:$AA$105,6,FALSE)-72 -> 0 | G11: Hideki Matsuyama | H11: =+VLOOKUP(G11,scoring!$U$10:$AA$105,6,FALSE)-72 -> -6 | I11: Shane Lowry | J11: =+VLOOKUP(I11,scoring!$U$10:$AA$105,6,FALSE)-72 -> 9 | K11: Patrick Cantlay | L11: =+VLOOKUP(K11,scoring!$U$10:$AA$105,6,FALSE)-72 -> -1 | M11: Min Woo Lee | N11: =+VLOOKUP(M11,scoring!$U$10:$AA$105,6,FALSE)-72 -> 2 | O11: Corey Conners | P11: =+VLOOKUP(O11,scoring!$U$10:$AA$105,6,FALSE)-72 -> 3 | Q11: Tony Finau | R11: =+VLOOKUP(Q11,scoring!$U$10:$AA$105,6,FALSE)-72 -> 13 | S11: Jason Day | T11: =+VLOOKUP(S11,scoring!$U$10:$AA$105,6,FALSE)-72 -> 0 | U11: =IFERROR(SMALL(E11:T11,1)+SMALL(E11:T11,2)+SMALL(E11:T11,3),IFERROR(SMALL(E11:T11,1)+SMALL(E11:T11,2),IFERROR(SMALL(E11:T11,1),"-"))) -> -7
A12: 1 | B12: Just when I thought I was out, they pull me back in | C12: Paul Castergine | D12: PC | E12: Ludvig Aberg | F12: =+VLOOKUP(E12,scoring!$U$10:$AA$105,6,FALSE)-72 -> 0 | G12: Brooks Koepka | H12: =+VLOOKUP(G12,scoring!$U$10:$AA$105,6,FALSE)-72 -> 13 | I12: Tommy Fleetwood | J12: =+VLOOKUP(I12,scoring!$U$10:$AA$105,6,FALSE)-72 -> -3 | K12: Patrick Cantlay | L12: =+VLOOKUP(K12,scoring!$U$10:$AA$105,6,FALSE)-72 -> -1 | M12: Sergio Garcia | N12: =+VLOOKUP(M12,scoring!$U$10:$AA$105,6,FALSE)-72 -> 13 | O12: Sergio Garcia | P12: =+VLOOKUP(O12,scoring!$U$10:$AA$105,6,FALSE)-72 -> 13 | Q12: Jordan Spieth | R12: =+VLOOKUP(Q12,scoring!$U$10:$AA$105,6,FALSE)-72 -> -2 | S12: Cameron Young | T12: =+VLOOKUP(S12,scoring!$U$10:$AA$105,6,FALSE)-72 -> 13 | U12: =IFERROR(SMALL(E12:T12,1)+SMALL(E12:T12,2)+SMALL(E12:T12,3),IFERROR(SMALL(E12:T12,1)+SMALL(E12:T12,2),IFERROR(SMALL(E12:T12,1),"-"))) -> -6
A13: 17 | B13: Munis never sleep | C13: Paul Drury | D13: PD | E13: Ludvig Aberg | F13: =+VLOOKUP(E13,scoring!$U$10:$AA$105,6,FALSE)-72 -> 0 | G13: Shane Lowry | H13: =+VLOOKUP(G13,scoring!$U$10:$AA$105,6,FALSE)-72 -> 9 | I13: No Player | J13: =+VLOOKUP(I13,scoring!$U$10:$AA$105,6,FALSE)-72 -> 14 | K13: Russell Henley | L13: =+VLOOKUP(K13,scoring!$U$10:$AA$105,6,FALSE)-72 -> 13 | M13: Collin Morikawa | N13: =+VLOOKUP(M13,scoring!$U$10:$AA$105,6,FALSE)-72 -> 0 | O13: Hideki Matsuyama | P13: =+VLOOKUP(O13,scoring!$U$10:$AA$105,6,FALSE)-72 -> -6 | Q13: J. J. Spaun | R13: =+VLOOKUP(Q13,scoring!$U$10:$AA$105,6,FALSE)-72 -> 3 | S13: No Player | T13: =+VLOOKUP(S13,scoring!$U$10:$AA$105,6,FALSE)-72 -> 14 | U13: =IFERROR(SMALL(E13:T13,1)+SMALL(E13:T13,2)+SMALL(E13:T13,3),IFERROR(SMALL(E13:T13,1)+SMALL(E13:T13,2),IFERROR(SMALL(E13:T13,1),"-"))) -> -6
A14: 21 | B14: Looks good on you though! | C14: Caroline Stone | D14: CS | E14: Ludvig Aberg | F14: =+VLOOKUP(E14,scoring!$U$10:$AA$105,6,FALSE)-72 -> 0 | G14: Collin Morikawa | H14: =+VLOOKUP(G14,scoring!$U$10:$AA$105,6,FALSE)-72 -> 0 | I14: Shane Lowry | J14: =+VLOOKUP(I14,scoring!$U$10:$AA$105,6,FALSE)-72 -> 9 | K14: Min Woo Lee | L14: =+VLOOKUP(K14,scoring!$U$10:$AA$105,6,FALSE)-72 -> 2 | M14: Cameron Smith | N14: =+VLOOKUP(M14,scoring!$U$10:$AA$105,6,FALSE)-72 -> 13 | O14: Justin Rose | P14: =+VLOOKUP(O14,scoring!$U$10:$AA$105,6,FALSE)-72 -> -6 | Q14: Phil Mickelson | R14: =+VLOOKUP(Q14,scoring!$U$10:$AA$105,6,FALSE)-72 -> 13 | S14: Phil Mickelson | T14: =+VLOOKUP(S14,scoring!$U$10:$AA$105,6,FALSE)-72 -> 13 | U14: =IFERROR(SMALL(E14:T14,1)+SMALL(E14:T14,2)+SMALL(E14:T14,3),IFERROR(SMALL(E14:T14,1)+SMALL(E14:T14,2),IFERROR(SMALL(E14:T14,1),"-"))) -> -6
... A41: 14 | B41: District Five | C41: Tucker Donahoe | D41: TD | E41: Ludvig Aberg | F41: =+VLOOKUP(E41,scoring!$U$10:$AA$105,6,FALSE)-72 -> 0 | G41: Russell Henley | H41: =+VLOOKUP(G41,scoring!$U$10:$AA$105,6,FALSE)-72 -> 13 | I41: Russell Henley | J41: =+VLOOKUP(I41,scoring!$U$10:$AA$105,6,FALSE)-72 -> 13 | K41: Russell Henley | L41: =+VLOOKUP(K41,scoring!$U$10:$AA$105,6,FALSE)-72 -> 13 | M41: Cameron Smith | N41: =+VLOOKUP(M41,scoring!$U$10:$AA$105,6,FALSE)-72 -> 13 | O41: Cameron Smith | P41: =+VLOOKUP(O41,scoring!$U$10:$AA$105,6,FALSE)-72 -> 13 | Q41: Cameron Smith | R41: =+VLOOKUP(Q41,scoring!$U$10:$AA$105,6,FALSE)-72 -> 13 | S41: Brooks Koepka | T41: =+VLOOKUP(S41,scoring!$U$10:$AA$105,6,FALSE)-72 -> 13 | U41: =IFERROR(SMALL(E41:T41,1)+SMALL(E41:T41,2)+SMALL(E41:T41,3),IFERROR(SMALL(E41:T41,1)+SMALL(E41:T41,2),IFERROR(SMALL(E41:T41,1),"-"))) -> 26
A44: Total through 4 rounds
A45: Team # | B45: Team | C45: Captain | D45: Initials | E45: Golfer 1 | G45: Golfer 2 | I45: Golfer 3 | K45: Golfer 4 | M45: Golfer 5 | O45: Golfer 6 | Q45: Golfer 7 | S45: Golfer 8 | U45: SCORE
A46: 11 | B46: Every day is Moving Day | C46: James Fetch | D46: JF | E46: Jon Rahm | F46: =+VLOOKUP(E46,scoring!$U$10:$AA$105,7,FALSE)-72*4 -> -3 | G46: Bryson DeChambeau | H46: =+VLOOKUP(G46,scoring!$U$10:$AA$105,7,FALSE)-72*4 -> -7 | I46: Brooks Koepka | J46: =+VLOOKUP(I46,scoring!$U$10:$AA$105,7,FALSE)-72*4 -> 26 | K46: Jordan Spieth | L46: =+VLOOKUP(K46,scoring!$U$10:$AA$105,7,FALSE)-72*4 -> -3 | M46: Patrick Reed | N46: =+VLOOKUP(M46,scoring!$U$10:$AA$105,7,FALSE)-72*4 -> -9 | O46: Justin Rose | P46: =+VLOOKUP(O46,scoring!$U$10:$AA$105,7,FALSE)-72*4 -> -11 | Q46: Nicolai Højgaard | R46: =+VLOOKUP(Q46,scoring!$U$10:$AA$105,7,FALSE)-72*4 -> 27 | S46: Harris English | T46: =+VLOOKUP(S46,scoring!$U$10:$AA$105,7,FALSE)-72*4 -> -4 | U46: =IFERROR(SMALL(E46:T46,1)+SMALL(E46:T46,2)+SMALL(E46:T46,3),IFERROR(SMALL(E46:T46,1)+SMALL(E46:T46,2),IFERROR(SMALL(E46:T46,1),"-"))) -> -27
A47: 33 | B47: Ty Webb's illegitimate stepchild | C47: Tom Nelson | D47: TN | E47: Ludvig Aberg | F47: =+VLOOKUP(E47,scoring!$U$10:$AA$105,7,FALSE)-72*4 -> -6 | G47: Ludvig Aberg | H47: =+VLOOKUP(G47,scoring!$U$10:$AA$105,7,FALSE)-72*4 -> -6 | I47: Justin Rose | J47: =+VLOOKUP(I47,scoring!$U$10:$AA$105,7,FALSE)-72*4 -> -11 | K47: Patrick Reed | L47: =+VLOOKUP(K47,scoring!$U$10:$AA$105,7,FALSE)-72*4 -> -9 | M47: Justin Thomas | N47: =+VLOOKUP(M47,scoring!$U$10:$AA$105,7,FALSE)-72*4 -> 2 | O47: J. J. Spaun | P47: =+VLOOKUP(O47,scoring!$U$10:$AA$105,7,FALSE)-72*4 -> 7 | Q47: Bubba Watson | R47: =+VLOOKUP(Q47,scoring!$U$10:$AA$105,7,FALSE)-72*4 -> -3 | S47: Tony Finau | T47: =+VLOOKUP(S47,scoring!$U$10:$AA$105,7,FALSE)-72*4 -> 25 | U47: =IFERROR(SMALL(E47:T47,1)+SMALL(E47:T47,2)+SMALL(E47:T47,3),IFERROR(SMALL(E47:T47,1)+SMALL(E47:T47,2),IFERROR(SMALL(E47:T47,1),"-"))) -> -26
A48: 15 | B48: Ludvig Levered 2x Daily | C48: Jacob Norris | D48: JN | E48: Ludvig Aberg | F48: =+VLOOKUP(E48,scoring!$U$10:$AA$105,7,FALSE)-72*4 -> -6 | G48: Ludvig Aberg | H48: =+VLOOKUP(G48,scoring!$U$10:$AA$105,7,FALSE)-72*4 -> -6 | I48: Russell Henley | J48: =+VLOOKUP(I48,scoring!$U$10:$AA$105,7,FALSE)-72*4 -> 24 | K48: Russell Henley | L48: =+VLOOKUP(K48,scoring!$U$10:$AA$105,7,FALSE)-72*4 -> 24 | M48: Viktor Hovland | N48: =+VLOOKUP(M48,scoring!$U$10:$AA$105,7,FALSE)-72*4 -> -2 | O48: Patrick Reed | P48: =+VLOOKUP(O48,scoring!$U$10:$AA$105,7,FALSE)-72*4 -> -9 | Q48: Lucas Glover | R48: =+VLOOKUP(Q48,scoring!$U$10:$AA$105,7,FALSE)-72*4 -> 29 | S48: Lucas Glover | T48: =+VLOOKUP(S48,scoring!$U$10:$AA$105,7,FALSE)-72*4 -> 29 | U48: =IFERROR(SMALL(E48:T48,1)+SMALL(E48:T48,2)+SMALL(E48:T48,3),IFERROR(SMALL(E48:T48,1)+SMALL(E48:T48,2),IFERROR(SMALL(E48:T48,1),"-"))) -> -21
A49: 21 | B49: Looks good on you though! | C49: Caroline Stone | D49: CS | E49: Ludvig Aberg | F49: =+VLOOKUP(E49,scoring!$U$10:$AA$105,7,FALSE)-72*4 -> -6 | G49: Collin Morikawa | H49: =+VLOOKUP(G49,scoring!$U$10:$AA$105,7,FALSE)-72*4 -> -3 | I49: Shane Lowry | J49: =+VLOOKUP(I49,scoring!$U$10:$AA$105,7,FALSE)-72*4 -> 4 | K49: Min Woo Lee | L49: =+VLOOKUP(K49,scoring!$U$10:$AA$105,7,FALSE)-72*4 -> 6 | M49: Cameron Smith | N49: =+VLOOKUP(M49,scoring!$U$10:$AA$105,7,FALSE)-72*4 -> 26 | O49: Justin Rose | P49: =+VLOOKUP(O49,scoring!$U$10:$AA$105,7,FALSE)-72*4 -> -11 | Q49: Phil Mickelson | R49: =+VLOOKUP(Q49,scoring!$U$10:$AA$105,7,FALSE)-72*4 -> 26 | S49: Phil Mickelson | T49: =+VLOOKUP(S49,scoring!$U$10:$AA$105,7,FALSE)-72*4 -> 26 | U49: =IFERROR(SMALL(E49:T49,1)+SMALL(E49:T49,2)+SMALL(E49:T49,3),IFERROR(SMALL(E49:T49,1)+SMALL(E49:T49,2),IFERROR(SMALL(E49:T49,1),"-"))) -> -20
A50: 38 | B50: Green Machine | C50: Laura Green | D50: LG | E50: Ludvig Aberg | F50: =+VLOOKUP(E50,scoring!$U$10:$AA$105,7,FALSE)-72*4 -> -6 | G50: Ludvig Aberg | H50: =+VLOOKUP(G50,scoring!$U$10:$AA$105,7,FALSE)-72*4 -> -6 | I50: Bryson DeChambeau | J50: =+VLOOKUP(I50,scoring!$U$10:$AA$105,7,FALSE)-72*4 -> -7 | K50: Min Woo Lee | L50: =+VLOOKUP(K50,scoring!$U$10:$AA$105,7,FALSE)-72*4 -> 6 | M50: Sahith Theegala | N50: =+VLOOKUP(M50,scoring!$U$10:$AA$105,7,FALSE)-72*4 -> 0 | O50: Billy Horschel | P50: =+VLOOKUP(O50,scoring!$U$10:$AA$105,7,FALSE)-72*4 -> 26 | Q50: Cameron Young | R50: =+VLOOKUP(Q50,scoring!$U$10:$AA$105,7,FALSE)-72*4 -> 28 | S50: Jhonattan Vegas | T50: =+VLOOKUP(S50,scoring!$U$10:$AA$105,7,FALSE)-72*4 -> 27 | U50: =IFERROR(SMALL(E50:T50,1)+SMALL(E50:T50,2)+SMALL(E50:T50,3),IFERROR(SMALL(E50:T50,1)+SMALL(E50:T50,2),IFERROR(SMALL(E50:T50,1),"-"))) -> -19
A51: 36 | B51: Often wrong but never in doubt | C51: Scott Sipple | D51: SS | E51: Rory McIlroy | F51: =+VLOOKUP(E51,scoring!$U$10:$AA$105,7,FALSE)-72*4 -> -11 | G51: Ludvig Aberg | H51: =+VLOOKUP(G51,scoring!$U$10:$AA$105,7,FALSE)-72*4 -> -6 | I51: Daniel Berger | J51: =+VLOOKUP(I51,scoring!$U$10:$AA$105,7,FALSE)-72*4 -> -2 | K51: Maverick McNealy | L51: =+VLOOKUP(K51,scoring!$U$10:$AA$105,7,FALSE)-72*4 -> 1 | M51: No Player | N51: =+VLOOKUP(M51,scoring!$U$10:$AA$105,7,FALSE)-72*4 -> 39 | O51: No Player | P51: =+VLOOKUP(O51,scoring!$U$10:$AA$105,7,FALSE)-72*4 -> 39 | Q51: No Player | R51: =+VLOOKUP(Q51,scoring!$U$10:$AA$105,7,FALSE)-72*4 -> 39 | S51: No Player | T51: =+VLOOKUP(S51,scoring!$U$10:$AA$105,7,FALSE)-72*4 -> 39 | U51: =IFERROR(SMALL(E51:T51,1)+SMALL(E51:T51,2)+SMALL(E51:T51,3),IFERROR(SMALL(E51:T51,1)+SMALL(E51:T51,2),IFERROR(SMALL(E51:T51,1),"-"))) -> -19
A52: 23 | B52: TheProperLuncher | C52: Charles Ouellett | D52: CO | E52: Ludvig Aberg | F52: =+VLOOKUP(E52,scoring!$U$10:$AA$105,7,FALSE)-72*4 -> -6 | G52: Ludvig Aberg | H52: =+VLOOKUP(G52,scoring!$U$10:$AA$105,7,FALSE)-72*4 -> -6 | I52: Ludvig Aberg | J52: =+VLOOKUP(I52,scoring!$U$10:$AA$105,7,FALSE)-72*4 -> -6 | K52: Cameron Smith | L52: =+VLOOKUP(K52,scoring!$U$10:$AA$105,7,FALSE)-72*4 -> 26 | M52: Corey Conners | N52: =+VLOOKUP(M52,scoring!$U$10:$AA$105,7,FALSE)-72*4 -> -5 | O52: No Player | P52: =+VLOOKUP(O52,scoring!$U$10:$AA$105,7,FALSE)-72*4 -> 39 | Q52: No Player | R52: =+VLOOKUP(Q52,scoring!$U$10:$AA$105,7,FALSE)-72*4 -> 39 | S52: No Player | T52: =+VLOOKUP(S52,scoring!$U$10:$AA$105,7,FALSE)-72*4 -> 39 | U52: =IFERROR(SMALL(E52:T52,1)+SMALL(E52:T52,2)+SMALL(E52:T52,3),IFERROR(SMALL(E52:T52,1)+SMALL(E52:T52,2),IFERROR(SMALL(E52:T52,1),"-"))) -> -18
A53: 19 | B53: ZWill #2 | C53: Zach Williams | D53: ZW | E53: Rory McIlroy | F53: =+VLOOKUP(E53,scoring!$U$10:$AA$105,7,FALSE)-72*4 -> -11 | G53: Min Woo Lee | H53: =+VLOOKUP(G53,scoring!$U$10:$AA$105,7,FALSE)-72*4 -> 6 | I53: Min Woo Lee | J53: =+VLOOKUP(I53,scoring!$U$10:$AA$105,7,FALSE)-72*4 -> 6 | K53: Akshay Bhatia | L53: =+VLOOKUP(K53,scoring!$U$10:$AA$105,7,FALSE)-72*4 -> 4 | M53: Akshay Bhatia | N53: =+VLOOKUP(M53,scoring!$U$10:$AA$105,7,FALSE)-72*4 -> 4 | O53: Justin Rose | P53: =+VLOOKUP(O53,scoring!$U$10:$AA$105,7,FALSE)-72*4 -> -11 | Q53: No Player | R53: =+VLOOKUP(Q53,scoring!$U$10:$AA$105,7,FALSE)-72*4 -> 39 | S53: No Player | T53: =+VLOOKUP(S53,scoring!$U$10:$AA$105,7,FALSE)-72*4 -> 39 | U53: =IFERROR(SMALL(E53:T53,1)+SMALL(E53:T53,2)+SMALL(E53:T53,3),IFERROR(SMALL(E53:T53,1)+SMALL(E53:T53,2),IFERROR(SMALL(E53:T53,1),"-"))) -> -18
A54: 8 | B54: LaPlant | C54: Matt LaPlant | D54: ML | E54: Xander Schauffele | F54: =+VLOOKUP(E54,scoring!$U$10:$AA$105,7,FALSE)-72*4 -> -5 | G54: Xander Schauffele | H54: =+VLOOKUP(G54,scoring!$U$10:$AA$105,7,FALSE)-72*4 -> -5 | I54: Bryson DeChambeau | J54: =+VLOOKUP(I54,scoring!$U$10:$AA$105,7,FALSE)-72*4 -> -7 | K54: Shane Lowry | L54: =+VLOOKUP(K54,scoring!$U$10:$AA$105,7,FALSE)-72*4 -> 4 | M54: Corey Conners | N54: =+VLOOKUP(M54,scoring!$U$10:$AA$105,7,FALSE)-72*4 -> -5 | O54: Sepp Straka | P54: =+VLOOKUP(O54,scoring!$U$10:$AA$105,7,FALSE)-72*4 -> 26 | Q54: No Player | R54: =+VLOOKUP(Q54,scoring!$U$10:$AA$105,7,FALSE)-72*4 -> 39 | S54: No Player | T54: =+VLOOKUP(S54,scoring!$U$10:$AA$105,7,FALSE)-72*4 -> 39 | U54: =IFERROR(SMALL(E54:T54,1)+SMALL(E54:T54,2)+SMALL(E54:T54,3),IFERROR(SMALL(E54:T54,1)+SMALL(E54:T54,2),IFERROR(SMALL(E54:T54,1),"-"))) -> -17
A55: 12 | B55: Lafferty, Daniel | C55: Brad McLaughlin | D55: BM | E55: Ludvig Aberg | F55: =+VLOOKUP(E55,scoring!$U$10:$AA$105,7,FALSE)-72*4 -> -6 | G55: Collin Morikawa | H55: =+VLOOKUP(G55,scoring!$U$10:$AA$105,7,FALSE)-72*4 -> -3 | I55: Viktor Hovland | J55: =+VLOOKUP(I55,scoring!$U$10:$AA$105,7,FALSE)-72*4 -> -2 | K55: Bryson DeChambeau | L55: =+VLOOKUP(K55,scoring!$U$10:$AA$105,7,FALSE)-72*4 -> -7 | M55: Tony Finau | N55: =+VLOOKUP(M55,scoring!$U$10:$AA$105,7,FALSE)-72*4 -> 25 | O55: Nick Dunlap | P55: =+VLOOKUP(O55,scoring!$U$10:$AA$105,7,FALSE)-72*4 -> 38 | Q55: No Player | R55: =+VLOOKUP(Q55,scoring!$U$10:$AA$105,7,FALSE)-72*4 -> 39 | S55: No Player | T55: =+VLOOKUP(S55,scoring!$U$10:$AA$105,7,FALSE)-72*4 -> 39 | U55: =IFERROR(SMALL(E55:T55,1)+SMALL(E55:T55,2)+SMALL(E55:T55,3),IFERROR(SMALL(E55:T55,1)+SMALL(E55:T55,2),IFERROR(SMALL(E55:T55,1),"-"))) -> -16
A56: 18 | B56: Kangaroo Took My Ball | C56: Chris Floyd | D56: CF | E56: Collin Morikawa | F56: =+VLOOKUP(E56,scoring!$U$10:$AA$105,7,FALSE)-72*4 -> -3 | G56: Bryson DeChambeau | H56: =+VLOOKUP(G56,scoring!$U$10:$AA$105,7,FALSE)-72*4 -> -7 | I56: Xander Schauffele | J56: =+VLOOKUP(I56,scoring!$U$10:$AA$105,7,FALSE)-72*4 -> -5 | K56: Shane Lowry | L56: =+VLOOKUP(K56,scoring!$U$10:$AA$105,7,FALSE)-72*4 -> 4 | M56: Will Zalatoris | N56: =+VLOOKUP(M56,scoring!$U$10:$AA$105,7,FALSE)-72*4 -> 29 | O56: Nick Taylor | P56: =+VLOOKUP(O56,scoring!$U$10:$AA$105,7,FALSE)-72*4 -> 3 | Q56: No Player | R56: =+VLOOKUP(Q56,scoring!$U$10:$AA$105,7,FALSE)-72*4 -> 39 | S56: No Player | T56: =+VLOOKUP(S56,scoring!$U$10:$AA$105,7,FALSE)-72*4 -> 39 | U56: =IFERROR(SMALL(E56:T56,1)+SMALL(E56:T56,2)+SMALL(E56:T56,3),IFERROR(SMALL(E56:T56,1)+SMALL(E56:T56,2),IFERROR(SMALL(E56:T56,1),"-"))) -> -15
A57: 10 | B57: The Long Irons | C57: Kathryn Michalewicz | D57: KM | E57: Rory McIlroy | F57: =+VLOOKUP(E57,scoring!$U$10:$AA$105,7,FALSE)-72*4 -> -11 | G57: Tommy Fleetwood | H57: =+VLOOKUP(G57,scoring!$U$10:$AA$105,7,FALSE)-72*4 -> -2 | I57: Viktor Hovland | J57: =+VLOOKUP(I57,scoring!$U$10:$AA$105,7,FALSE)-72*4 -> -2 | K57: Min Woo Lee | L57: =+VLOOKUP(K57,scoring!$U$10:$AA$105,7,FALSE)-72*4 -> 6 | M57: Matthieu Pavon | N57: =+VLOOKUP(M57,scoring!$U$10:$AA$105,7,FALSE)-72*4 -> 31 | O57: No Player | P57: =+VLOOKUP(O57,scoring!$U$10:$AA$105,7,FALSE)-72*4 -> 39 | Q57: No Player | R57: =+VLOOKUP(Q57,scoring!$U$10:$AA$105,7,FALSE)-72*4 -> 39 | S57: No Player | T57: =+VLOOKUP(S57,scoring!$U$10:$AA$105,7,FALSE)-72*4 -> 39 | U57: =IFERROR(SMALL(E57:T57,1)+SMALL(E57:T57,2)+SMALL(E57:T57,3),IFERROR(SMALL(E57:T57,1)+SMALL(E57:T57,2),IFERROR(SMALL(E57:T57,1),"-"))) -> -15
... A84: 14 | B84: District Five | C84: Tucker Donahoe | D84: TD | E84: Ludvig Aberg | F84: =+VLOOKUP(E84,scoring!$U$10:$AA$105,7,FALSE)-72*4 -> -6 | G84: Russell Henley | H84: =+VLOOKUP(G84,scoring!$U$10:$AA$105,7,FALSE)-72*4 -> 24 | I84: Russell Henley | J84: =+VLOOKUP(I84,scoring!$U$10:$AA$105,7,FALSE)-72*4 -> 24 | K84: Russell Henley | L84: =+VLOOKUP(K84,scoring!$U$10:$AA$105,7,FALSE)-72*4 -> 24 | M84: Cameron Smith | N84: =+VLOOKUP(M84,scoring!$U$10:$AA$105,7,FALSE)-72*4 -> 26 | O84: Cameron Smith | P84: =+VLOOKUP(O84,scoring!$U$10:$AA$105,7,FALSE)-72*4 -> 26 | Q84: Cameron Smith | R84: =+VLOOKUP(Q84,scoring!$U$10:$AA$105,7,FALSE)-72*4 -> 26 | S84: Brooks Koepka | T84: =+VLOOKUP(S84,scoring!$U$10:$AA$105,7,FALSE)-72*4 -> 26 | U84: =IFERROR(SMALL(E84:T84,1)+SMALL(E84:T84,2)+SMALL(E84:T84,3),IFERROR(SMALL(E84:T84,1)+SMALL(E84:T84,2),IFERROR(SMALL(E84:T84,1),"-"))) -> 42
U86: =+MIN(U46:U84) -> -27

Sheet scoring
C9: POS | E9: PLAYER | F9: SCORE | G9: TODAY | H9: THRU | I9: R1 | J9: R2 | K9: R3 | L9: R4 | M9: TOT | T9: Code | V9: Golfer
D10: T1 | E10: 5 | F10: Justin Rose | G10: -11 | H10: -6 | I10: F | J10: 65 | K10: 71 | L10: 75 | M10: 66 | N10: 277 | T10: 1 | U10: Scottie Scheffler | V10: Scottie Scheffler | W10: =+VLOOKUP(V10,$F$10:$N$105,5,FALSE) -> 68 | X10: =+VLOOKUP(V10,$F$10:$N$105,6,FALSE) -> 71 | Y10: =+VLOOKUP($V10,$F$10:$N$105,7,FALSE) -> 72 | Z10: =+VLOOKUP($V10,$F$10:$N$105,8,FALSE) -> 69 | AA10: =+VLOOKUP(V10,$F$10:$N$105,9,FALSE) -> 280
D11: T1 | E11: - | F11: Rory McIlroy | G11: -11 | H11: 1 | I11: F | J11: 72 | K11: 66 | L11: 66 | M11: 73 | N11: 277 | T11: 2 | U11: Rory McIlroy | V11: Rory McIlroy | W11: =+VLOOKUP(V11,$F$10:$N$105,5,FALSE) -> 72 | X11: =+VLOOKUP(V11,$F$10:$N$105,6,FALSE) -> 66 | Y11: =+VLOOKUP(V11,$F$10:$N$105,7,FALSE) -> 66 | Z11: =+VLOOKUP($V11,$F$10:$N$105,8,FALSE) -> 73 | AA11: =+VLOOKUP(V11,$F$10:$N$105,9,FALSE) -> 277
D12: 3 | E12: 1 | F12: Patrick Reed | G12: -9 | H12: -3 | I12: F | J12: 71 | K12: 70 | L12: 69 | M12: 69 | N12: 279 | T12: 3 | U12: Jon Rahm | V12: Jon Rahm | W12: =+VLOOKUP(V12,$F$10:$N$105,5,FALSE) -> 75 | X12: =+VLOOKUP(V12,$F$10:$N$105,6,FALSE) -> 71 | Y12: =+VLOOKUP(V12,$F$10:$N$105,7,FALSE) -> 70 | Z12: =+VLOOKUP($V12,$F$10:$N$105,8,FALSE) -> 69 | AA12: =+VLOOKUP(V12,$F$10:$N$105,9,FALSE) -> 285
D13: 4 | E13: 2 | F13: Scottie Scheffler | G13: -8 | H13: -3 | I13: F | J13: 68 | K13: 71 | L13: 72 | M13: 69 | N13: 280 | T13: 4 | U13: Ludvig Aberg | V13: Ludvig Åberg | W13: =+VLOOKUP(V13,$F$10:$N$105,5,FALSE) -> 68 | X13: =+VLOOKUP(V13,$F$10:$N$105,6,FALSE) -> 73 | Y13: =+VLOOKUP(V13,$F$10:$N$105,7,FALSE) -> 69 | Z13: =+VLOOKUP($V13,$F$10:$N$105,8,FALSE) -> 72 | AA13: =+VLOOKUP(V13,$F$10:$N$105,9,FALSE) -> 282
D14: T5 | E14: 5 | F14: Sungjae Im | G14: -7 | H14: -3 | I14: F | J14: 71 | K14: 70 | L14: 71 | M14: 69 | N14: 281 | T14: 5 | U14: Collin Morikawa | V14: Collin Morikawa | W14: =+VLOOKUP(V14,$F$10:$N$105,5,FALSE) -> 72 | X14: =+VLOOKUP(V14,$F$10:$N$105,6,FALSE) -> 69 | Y14: =+VLOOKUP(V14,$F$10:$N$105,7,FALSE) -> 72 | Z14: =+VLOOKUP($V14,$F$10:$N$105,8,FALSE) -> 72 | AA14: =+VLOOKUP(V14,$F$10:$N$105,9,FALSE) -> 285
D15: T5 | E15: 3 | F15: Bryson DeChambeau | G15: -7 | H15: 3 | I15: F | J15: 69 | K15: 68 | L15: 69 | M15: 75 | N15: 281 | T15: 6 | U15: Xander Schauffele | V15: Xander Schauffele | W15: =+VLOOKUP(V15,$F$10:$N$105,5,FALSE) -> 73 | X15: =+VLOOKUP(V15,$F$10:$N$105,6,FALSE) -> 69 | Y15: =+VLOOKUP(V15,$F$10:$N$105,7,FALSE) -> 70 | Z15: =+VLOOKUP($V15,$F$10:$N$105,8,FALSE) -> 71 | AA15: =+VLOOKUP(V15,$F$10:$N$105,9,FALSE) -> 283
D16: 7 | E16: 3 | F16: Ludvig Åberg | G16: -6 | H16: E | I16: F | J16: 68 | K16: 73 | L16: 69 | M16: 72 | N16: 282 | T16: 7 | U16: Bryson DeChambeau | V16: Bryson DeChambeau | W16: =+VLOOKUP(V16,$F$10:$N$105,5,FALSE) -> 69 | X16: =+VLOOKUP(V16,$F$10:$N$105,6,FALSE) -> 68 | Y16: =+VLOOKUP(V16,$F$10:$N$105,7,FALSE) -> 69 | Z16: =+VLOOKUP($V16,$F$10:$N$105,8,FALSE) -> 75 | AA16: =+VLOOKUP(V16,$F$10:$N$105,9,FALSE) -> 281
D17: T8 | E17: 2 | F17: Zach Johnson | G17: -5 | H17: -1 | I17: F | J17: 72 | K17: 74 | L17: 66 | M17: 71 | N17: 283 | T17: 8 | U17: Justin Thomas | V17: Justin Thomas | W17: =+VLOOKUP(V17,$F$10:$N$105,5,FALSE) -> 73 | X17: =+VLOOKUP(V17,$F$10:$N$105,6,FALSE) -> 71 | Y17: =+VLOOKUP(V17,$F$10:$N$105,7,FALSE) -> 76 | Z17: =+VLOOKUP($V17,$F$10:$N$105,8,FALSE) -> 70 | AA17: =+VLOOKUP(V17,$F$10:$N$105,9,FALSE) -> 290
D18: T8 | E18: 2 | F18: Xander Schauffele | G18: -5 | H18: -1 | I18: F | J18: 73 | K18: 69 | L18: 70 | M18: 71 | N18: 283 | T18: 9 | U18: Joaquin Niemann | V18: Joaquín Niemann | W18: =+VLOOKUP(V18,$F$10:$N$105,5,FALSE) -> 72 | X18: =+VLOOKUP(V18,$F$10:$N$105,6,FALSE) -> 74 | Y18: =+VLOOKUP(V18,$F$10:$N$105,7,FALSE) -> 70 | Z18: =+VLOOKUP($V18,$F$10:$N$105,8,FALSE) -> 72 | AA18: =+VLOOKUP(V18,$F$10:$N$105,9,FALSE) -> 288
D19: T8 | E19: 2 | F19: Jason Day | G19: -5 | H19: E | I19: F | J19: 70 | K19: 70 | L19: 71 | M19: 72 | N19: 283 | T19: 10 | U19: Hideki Matsuyama | V19: Hideki Matsuyama | W19: =+VLOOKUP(V19,$F$10:$N$105,5,FALSE) -> 73 | X19: =+VLOOKUP(V19,$F$10:$N$105,6,FALSE) -> 68 | Y19: =+VLOOKUP(V19,$F$10:$N$105,7,FALSE) -> 79 | Z19: =+VLOOKUP($V19,$F$10:$N$105,8,FALSE) -> 66 | AA19: =+VLOOKUP(V19,$F$10:$N$105,9,FALSE) -> 286
D20: T8 | E20: 5 | F20: Corey Conners | G20: -5 | H20: 3 | I20: F | J20: 68 | K20: 70 | L20: 70 | M20: 75 | N20: 283 | T20: 11 | U20: Brooks Koepka | V20: Brooks Koepka | W20: =+VLOOKUP(V20,$F$10:$N$105,5,FALSE) -> 74 | X20: =+VLOOKUP(V20,$F$10:$N$105,6,FALSE) -> 75 | Y20: =+VLOOKUP(V20,$F$10:$N$105,7,FALSE) -> 80 | Z20: =+VLOOKUP($V20,$F$10:$N$105,8,FALSE) -> 85 | AA20: =+VLOOKUP(V20,$F$10:$N$105,9,FALSE) -> 314
D21: T12 | E21: 13 | F21: Harris English | G21: -4 | H21: -4 | I21: F | J21: 70 | K21: 73 | L21: 73 | M21: 68 | N21: 284 | T21: 12 | U21: Jordan Spieth | V21: Jordan Spieth | W21: =+VLOOKUP(V21,$F$10:$N$105,5,FALSE) -> 73 | X21: =+VLOOKUP(V21,$F$10:$N$105,6,FALSE) -> 73 | Y21: =+VLOOKUP(V21,$F$10:$N$105,7,FALSE) -> 69 | Z21: =+VLOOKUP($V21,$F$10:$N$105,8,FALSE) -> 70 | AA21: =+VLOOKUP(V21,$F$10:$N$105,9,FALSE) -> 285
D22: T12 | E22: 2 | F22: Max Homa | G22: -4 | H22: -1 | I22: F | J22: 74 | K22: 70 | L22: 69 | M22: 71 | N22: 284 | T22: 13 | U22: Tommy Fleetwood | V22: Tommy Fleetwood | W22: =+VLOOKUP(V22,$F$10:$N$105,5,FALSE) -> 73 | X22: =+VLOOKUP(V22,$F$10:$N$105,6,FALSE) -> 69 | Y22: =+VLOOKUP(V22,$F$10:$N$105,7,FALSE) -> 75 | Z22: =+VLOOKUP($V22,$F$10:$N$105,8,FALSE) -> 69 | AA22: =+VLOOKUP(V22,$F$10:$N$105,9,FALSE) -> 286
D23: T14 | E23: 16 | F23: Bubba Watson | G23: -3 | H23: -4 | I23: F | J23: 71 | K23: 72 | L23: 74 | M23: 68 | N23: 285 | T23: 14 | U23: Shane Lowry | V23: Shane Lowry | W23: =+VLOOKUP(V23,$F$10:$N$105,5,FALSE) -> 71 | X23: =+VLOOKUP(V23,$F$10:$N$105,6,FALSE) -> 68 | Y23: =+VLOOKUP(V23,$F$10:$N$105,7,FALSE) -> 72 | Z23: =+VLOOKUP($V23,$F$10:$N$105,8,FALSE) -> 81 | AA23: =+VLOOKUP(V23,$F$10:$N$105,9,FALSE) -> 292
D24: T14 | E24: 11 | F24: Jon Rahm | G24: -3 | H24: -3 | I24: F | J24: 75 | K24: 71 | L24: 70 | M24: 69 | N24: 285 | T24: 15 | U24: Viktor Hovland | V24: Viktor Hovland | W24: =+VLOOKUP(V24,$F$10:$N$105,5,FALSE) -> 71 | X24: =+VLOOKUP(V24,$F$10:$N$105,6,FALSE) -> 69 | Y24: =+VLOOKUP(V24,$F$10:$N$105,7,FALSE) -> 73 | Z24: =+VLOOKUP($V24,$F$10:$N$105,8,FALSE) -> 73 | AA24: =+VLOOKUP(V24,$F$10:$N$105,9,FALSE) -> 286
D25: T14 | E25: 7 | F25: Jordan Spieth | G25: -3 | H25: -2 | I25: F | J25: 73 | K25: 73 | L25: 69 | M25: 70 | N25: 285 | T25: 16 | U25: Patrick Cantlay | V25: Patrick Cantlay | W25: =+VLOOKUP(V25,$F$10:$N$105,5,FALSE) -> 74 | X25: =+VLOOKUP(V25,$F$10:$N$105,6,FALSE) -> 72 | Y25: =+VLOOKUP(V25,$F$10:$N$105,7,FALSE) -> 73 | Z25: =+VLOOKUP($V25,$F$10:$N$105,8,FALSE) -> 71 | AA25: =+VLOOKUP(V25,$F$10:$N$105,9,FALSE) -> 290
D26: T14 | E26: 3 | F26: Tom Hoge | G26: -3 | H26: -1 | I26: F | J26: 72 | K26: 72 | L26: 70 | M26: 71 | N26: 285 | T26: 17 | U26: Tyrrell Hatton | V26: Tyrrell Hatton | W26: =+VLOOKUP(V26,$F$10:$N$105,5,FALSE) -> 69 | X26: =+VLOOKUP(V26,$F$10:$N$105,6,FALSE) -> 70 | Y26: =+VLOOKUP(V26,$F$10:$N$105,7,FALSE) -> 75 | Z26: =+VLOOKUP($V26,$F$10:$N$105,8,FALSE) -> 71 | AA26: =+VLOOKUP(V26,$F$10:$N$105,9,FALSE) -> 285
D27: T14 | E27: 3 | F27: Tyrrell Hatton | G27: -3 | H27: -1 | I27: F | J27: 69 | K27: 70 | L27: 75 | M27: 71 | N27: 285 | T27: 18 | U27: Russell Henley | V27: Russell Henley | W27: =+VLOOKUP(V27,$F$10:$N$105,5,FALSE) -> 79 | X27: =+VLOOKUP(V27,$F$10:$N$105,6,FALSE) -> 68 | Y27: =+VLOOKUP(V27,$F$10:$N$105,7,FALSE) -> 80 | Z27: =+VLOOKUP($V27,$F$10:$N$105,8,FALSE) -> 85 | AA27: =+VLOOKUP(V27,$F$10:$N$105,9,FALSE) -> 312
D28: T14 | E28: 3 | F28: Matt McCarty | G28: -3 | H28: -1 | I28: F | J28: 71 | K28: 68 | L28: 75 | M28: 71 | N28: 285 | T28: 19 | U28: Robert MacIntyre | V28: Robert MacIntyre | W28: =+VLOOKUP(V28,$F$10:$N$105,5,FALSE) -> 75 | X28: =+VLOOKUP(V28,$F$10:$N$105,6,FALSE) -> 75 | Y28: =+VLOOKUP(V28,$F$10:$N$105,7,FALSE) -> 80 | Z28: =+VLOOKUP($V28,$F$10:$N$105,8,FALSE) -> 85 | AA28: =+VLOOKUP(V28,$F$10:$N$105,9,FALSE) -> 315
D29: T14 | E29: - | F29: Collin Morikawa | G29: -3 | H29: E | I29: F | J29: 72 | K29: 69 | L29: 72 | M29: 72 | N29: 285 | T29: 20 | U29: Min Woo Lee | V29: Min Woo Lee | W29: =+VLOOKUP(V29,$F$10:$N$105,5,FALSE) -> 71 | X29: =+VLOOKUP(V29,$F$10:$N$105,6,FALSE) -> 72 | Y29: =+VLOOKUP(V29,$F$10:$N$105,7,FALSE) -> 77 | Z29: =+VLOOKUP($V29,$F$10:$N$105,8,FALSE) -> 74 | AA29: =+VLOOKUP(V29,$F$10:$N$105,9,FALSE) -> 294
D30: T21 | E30: 27 | F30: Hideki Matsuyama | G30: -2 | H30: -6 | I30: F | J30: 73 | K30: 68 | L30: 79 | M30: 66 | N30: 286 | T30: 21 | U30: Will Zalatoris | V30: Will Zalatoris | W30: =+VLOOKUP(V30,$F$10:$N$105,5,FALSE) -> 74 | X30: =+VLOOKUP(V30,$F$10:$N$105,6,FALSE) -> 78 | Y30: =+VLOOKUP(V30,$F$10:$N$105,7,FALSE) -> 80 | Z30: =+VLOOKUP($V30,$F$10:$N$105,8,FALSE) -> 85 | AA30: =+VLOOKUP(V30,$F$10:$N$105,9,FALSE) -> 317
D31: T21 | E31: 9 | F31: Daniel Berger | G31: -2 | H31: -3 | I31: F | J31: 71 | K31: 73 | L31: 73 | M31: 69 | N31: 286 | T31: 22 | U31: Cameron Smith | V31: Cameron Smith | W31: =+VLOOKUP(V31,$F$10:$N$105,5,FALSE) -> 71 | X31: =+VLOOKUP(V31,$F$10:$N$105,6,FALSE) -> 78 | Y31: =+VLOOKUP(V31,$F$10:$N$105,7,FALSE) -> 80 | Z31: =+VLOOKUP($V31,$F$10:$N$105,8,FALSE) -> 85 | AA31: =+VLOOKUP(V31,$F$10:$N$105,9,FALSE) -> 314
D32: T21 | E32: 9 | F32: Davis Riley | G32: -2 | H32: -3 | I32: F | J32: 73 | K32: 69 | L32: 75 | M32: 69 | N32: 286 | T32: 23 | U32: Akshay Bhatia | V32: Akshay Bhatia | W32: =+VLOOKUP(V32,$F$10:$N$105,5,FALSE) -> 70 | X32: =+VLOOKUP(V32,$F$10:$N$105,6,FALSE) -> 76 | Y32: =+VLOOKUP(V32,$F$10:$N$105,7,FALSE) -> 75 | Z32: =+VLOOKUP($V32,$F$10:$N$105,8,FALSE) -> 71 | AA32: =+VLOOKUP(V32,$F$10:$N$105,9,FALSE) -> 292
D33: T21 | E33: 9 | F33: Tommy Fleetwood | G33: -2 | H33: -3 | I33: F | J33: 73 | K33: 69 | L33: 75 | M33: 69 | N33: 286 | T33: 24 | U33: Corey Conners | V33: Corey Conners | W33: =+VLOOKUP(V33,$F$10:$N$105,5,FALSE) -> 68 | X33: =+VLOOKUP(V33,$F$10:$N$105,6,FALSE) -> 70 | Y33: =+VLOOKUP(V33,$F$10:$N$105,7,FALSE) -> 70 | Z33: =+VLOOKUP($V33,$F$10:$N$105,8,FALSE) -> 75 | AA33: =+VLOOKUP(V33,$F$10:$N$105,9,FALSE) -> 283
D34: T21 | E34: - | F34: Byeong Hun An | G34: -2 | H34: -1 | I34: F | J34: 74 | K34: 71 | L34: 70 | M34: 71 | N34: 286 | T34: 25 | U34: Tony Finau | V34: Tony Finau | W34: =+VLOOKUP(V34,$F$10:$N$105,5,FALSE) -> 75 | X34: =+VLOOKUP(V34,$F$10:$N$105,6,FALSE) -> 73 | Y34: =+VLOOKUP(V34,$F$10:$N$105,7,FALSE) -> 80 | Z34: =+VLOOKUP($V34,$F$10:$N$105,8,FALSE) -> 85 | AA34: =+VLOOKUP(V34,$F$10:$N$105,9,FALSE) -> 313
D35: T21 | E35: 7 | F35: Viktor Hovland | G35: -2 | H35: 1 | I35: F | J35: 71 | K35: 69 | L35: 73 | M35: 73 | N35: 286 | T35: 26 | U35: Jason Day | V35: Jason Day | W35: =+VLOOKUP(V35,$F$10:$N$105,5,FALSE) -> 70 | X35: =+VLOOKUP(V35,$F$10:$N$105,6,FALSE) -> 70 | Y35: =+VLOOKUP(V35,$F$10:$N$105,7,FALSE) -> 71 | Z35: =+VLOOKUP($V35,$F$10:$N$105,8,FALSE) -> 72 | AA35: =+VLOOKUP(V35,$F$10:$N$105,9,FALSE) -> 283
D36: T27 | E36: 3 | F36: Aaron Rai | G36: -1 | H36: -2 | I36: F | J36: 70 | K36: 74 | L36: 73 | M36: 70 | N36: 287 | T36: 27 | U36: Wyndham Clark | V36: Wyndham Clark | W36: =+VLOOKUP(V36,$F$10:$N$105,5,FALSE) -> 76 | X36: =+VLOOKUP(V36,$F$10:$N$105,6,FALSE) -> 68 | Y36: =+VLOOKUP(V36,$F$10:$N$105,7,FALSE) -> 75 | Z36: =+VLOOKUP($V36,$F$10:$N$105,8,FALSE) -> 74 | AA36: =+VLOOKUP(V36,$F$10:$N$105,9,FALSE) -> 293
D37: T27 | E37: 2 | F37: Michael Kim | G37: -1 | H37: -1 | I37: F | J37: 71 | K37: 71 | L37: 74 | M37: 71 | N37: 287 | T37: 28 | U37: Sepp Straka | V37: Sepp Straka | W37: =+VLOOKUP(V37,$F$10:$N$105,5,FALSE) -> 78 | X37: =+VLOOKUP(V37,$F$10:$N$105,6,FALSE) -> 71 | Y37: =+VLOOKUP(V37,$F$10:$N$105,7,FALSE) -> 80 | Z37: =+VLOOKUP($V37,$F$10:$N$105,8,FALSE) -> 85 | AA37: =+VLOOKUP(V37,$F$10:$N$105,9,FALSE) -> 314
D38: T29 | E38: 1 | F38: Denny McCarthy | G38: E | H38: -1 | I38: F | J38: 71 | K38: 75 | L38: 71 | M38: 71 | N38: 288 | T38: 29 | U38: Dustin Johnson | V38: Dustin Johnson | W38: =+VLOOKUP(V38,$F$10:$N$105,5,FALSE) -> 74 | X38: =+VLOOKUP(V38,$F$10:$N$105,6,FALSE) -> 73 | Y38: =+VLOOKUP(V38,$F$10:$N$105,7,FALSE) -> 80 | Z38: =+VLOOKUP($V38,$F$10:$N$105,8,FALSE) -> 85 | AA38: =+VLOOKUP(V38,$F$10:$N$105,9,FALSE) -> 312
D39: T29 | E39: 1 | F39: Sahith Theegala | G39: E | H39: -1 | I39: F | J39: 72 | K39: 72 | L39: 73 | M39: 71 | N39: 288 | T39: 30 | U39: Sergio Garcia | V39: Sergio Garcia | W39: =+VLOOKUP(V39,$F$10:$N$105,5,FALSE) -> 72 | X39: =+VLOOKUP(V39,$F$10:$N$105,6,FALSE) -> 76 | Y39: =+VLOOKUP(V39,$F$10:$N$105,7,FALSE) -> 80 | Z39: =+VLOOKUP($V39,$F$10:$N$105,8,FALSE) -> 85 | AA39: =+VLOOKUP(V39,$F$10:$N$105,9,FALSE) -> 313
D40: T29 | E40: 4 | F40: Joaquín Niemann | G40: E | H40: E | I40: F | J40: 72 | K40: 74 | L40: 70 | M40: 72 | N40: 288 | T40: 31 | U40: Patrick Reed | V40: Patrick Reed | W40: =+VLOOKUP(V40,$F$10:$N$105,5,FALSE) -> 71 | X40: =+VLOOKUP(V40,$F$10:$N$105,6,FALSE) -> 70 | Y40: =+VLOOKUP(V40,$F$10:$N$105,7,FALSE) -> 69 | Z40: =+VLOOKUP($V40,$F$10:$N$105,8,FALSE) -> 69 | AA40: =+VLOOKUP(V40,$F$10:$N$105,9,FALSE) -> 279
D41: T32 | E41: 20 | F41: Brian Campbell | G41: 1 | H41: -4 | I41: F | J41: 72 | K41: 73 | L41: 76 | M41: 68 | N41: 289 | T41: 32 | U41: Sahith Theegala | V41: Sahith Theegala | W41: =+VLOOKUP(V41,$F$10:$N$105,5,FALSE) -> 72 | X41: =+VLOOKUP(V41,$F$10:$N$105,6,FALSE) -> 72 | Y41: =+VLOOKUP(V41,$F$10:$N$105,7,FALSE) -> 73 | Z41: =+VLOOKUP($V41,$F$10:$N$105,8,FALSE) -> 71 | AA41: =+VLOOKUP(V41,$F$10:$N$105,9,FALSE) -> 288
D42: T32 | E42: 7 | F42: Maverick McNealy | G42: 1 | H42: 1 | I42: F | J42: 72 | K42: 73 | L42: 71 | M42: 73 | N42: 289 | T42: 33 | U42: Keegan Bradley | V42: Keegan Bradley | W42: =+VLOOKUP(V42,$F$10:$N$105,5,FALSE) -> 74 | X42: =+VLOOKUP(V42,$F$10:$N$105,6,FALSE) -> 73 | Y42: =+VLOOKUP(V42,$F$10:$N$105,7,FALSE) -> 80 | Z42: =+VLOOKUP($V42,$F$10:$N$105,8,FALSE) -> 85 | AA42: =+VLOOKUP(V42,$F$10:$N$105,9,FALSE) -> 312
D43: T32 | E43: 11 | F43: Max Greyserman | G43: 1 | H43: 2 | I43: F | J43: 71 | K43: 75 | L43: 69 | M43: 74 | N43: 289 | T43: 34 | U43: Tom Kim | V43: Tom Kim | W43: =+VLOOKUP(V43,$F$10:$N$105,5,FALSE) -> 73 | X43: =+VLOOKUP(V43,$F$10:$N$105,6,FALSE) -> 73 | Y43: =+VLOOKUP(V43,$F$10:$N$105,7,FALSE) -> 72 | Z43: =+VLOOKUP($V43,$F$10:$N$105,8,FALSE) -> 79 | AA43: =+VLOOKUP(V43,$F$10:$N$105,9,FALSE) -> 297
D44: T32 | E44: 11 | F44: Rasmus Højgaard | G44: 1 | H44: 2 | I44: F | J44: 73 | K44: 67 | L44: 75 | M44: 74 | N44: 289 | T44: 35 | U44: Justin Rose | V44: Justin Rose | W44: =+VLOOKUP(V44,$F$10:$N$105,5,FALSE) -> 65 | X44: =+VLOOKUP(V44,$F$10:$N$105,6,FALSE) -> 71 | Y44: =+VLOOKUP(V44,$F$10:$N$105,7,FALSE) -> 75 | Z44: =+VLOOKUP($V44,$F$10:$N$105,8,FALSE) -> 66 | AA44: =+VLOOKUP(V44,$F$10:$N$105,9,FALSE) -> 277
D45: T36 | E45: 12 | F45: Justin Thomas | G45: 2 | H45: -2 | I45: F | J45: 73 | K45: 71 | L45: 76 | M45: 70 | N45: 290 | T45: 36 | U45: Sungjae Im | V45: Sungjae Im | W45: =+VLOOKUP(V45,$F$10:$N$105,5,FALSE) -> 71 | X45: =+VLOOKUP(V45,$F$10:$N$105,6,FALSE) -> 70 | Y45: =+VLOOKUP(V45,$F$10:$N$105,7,FALSE) -> 71 | Z45: =+VLOOKUP($V45,$F$10:$N$105,8,FALSE) -> 69 | AA45: =+VLOOKUP(V45,$F$10:$N$105,9,FALSE) -> 281
D46: T36 | E46: 6 | F46: Patrick Cantlay | G46: 2 | H46: -1 | I46: F | J46: 74 | K46: 72 | L46: 73 | M46: 71 | N46: 290 | T46: 37 | U46: Daniel Berger | V46: Daniel Berger | W46: =+VLOOKUP(V46,$F$10:$N$105,5,FALSE) -> 71 | X46: =+VLOOKUP(V46,$F$10:$N$105,6,FALSE) -> 73 | Y46: =+VLOOKUP(V46,$F$10:$N$105,7,FALSE) -> 73 | Z46: =+VLOOKUP($V46,$F$10:$N$105,8,FALSE) -> 69 | AA46: =+VLOOKUP(V46,$F$10:$N$105,9,FALSE) -> 286
D47: T36 | E47: 6 | F47: Brian Harman | G47: 2 | H47: -1 | I47: F | J47: 71 | K47: 71 | L47: 77 | M47: 71 | N47: 290 | T47: 38 | U47: Brian Harman | V47: Brian Harman | W47: =+VLOOKUP(V47,$F$10:$N$105,5,FALSE) -> 71 | X47: =+VLOOKUP(V47,$F$10:$N$105,6,FALSE) -> 71 | Y47: =+VLOOKUP(V47,$F$10:$N$105,7,FALSE) -> 77 | Z47: =+VLOOKUP($V47,$F$10:$N$105,8,FALSE) -> 71 | AA47: =+VLOOKUP(V47,$F$10:$N$105,9,FALSE) -> 290
D48: T36 | E48: 1 | F48: Charl Schwartzel | G48: 2 | H48: E | I48: F | J48: 74 | K48: 72 | L48: 72 | M48: 72 | N48: 290 | T48: 39 | U48: Matt Fitzpatrick | V48: Matt Fitzpatrick | W48: =+VLOOKUP(V48,$F$10:$N$105,5,FALSE) -> 71 | X48: =+VLOOKUP(V48,$F$10:$N$105,6,FALSE) -> 73 | Y48: =+VLOOKUP(V48,$F$10:$N$105,7,FALSE) -> 74 | Z48: =+VLOOKUP($V48,$F$10:$N$105,8,FALSE) -> 73 | AA48: =+VLOOKUP(V48,$F$10:$N$105,9,FALSE) -> 291
D49: T40 | E49: 3 | F49: Nick Taylor | G49: 3 | H49: 1 | I49: F | J49: 73 | K49: 71 | L49: 74 | M49: 73 | N49: 291 | T49: 40 | U49: Adam Scott | V49: Adam Scott | W49: =+VLOOKUP(V49,$F$10:$N$105,5,FALSE) -> 77 | X49: =+VLOOKUP(V49,$F$10:$N$105,6,FALSE) -> 72 | Y49: =+VLOOKUP(V49,$F$10:$N$105,7,FALSE) -> 80 | Z49: =+VLOOKUP($V49,$F$10:$N$105,8,FALSE) -> 85 | AA49: =+VLOOKUP(V49,$F$10:$N$105,9,FALSE) -> 314
D50: T40 | E50: 3 | F50: Matt Fitzpatrick | G50: 3 | H50: 1 | I50: F | J50: 71 | K50: 73 | L50: 74 | M50: 73 | N50: 291 | T50: 41 | U50: J. J. Spaun | V50: J.J. Spaun | W50: =+VLOOKUP(V50,$F$10:$N$105,5,FALSE) -> 74 | X50: =+VLOOKUP(V50,$F$10:$N$105,6,FALSE) -> 72 | Y50: =+VLOOKUP(V50,$F$10:$N$105,7,FALSE) -> 74 | Z50: =+VLOOKUP($V50,$F$10:$N$105,8,FALSE) -> 75 | AA50: =+VLOOKUP(V50,$F$10:$N$105,9,FALSE) -> 295
D51: T42 | E51: 10 | F51: Akshay Bhatia | G51: 4 | H51: -1 | I51: F | J51: 70 | K51: 76 | L51: 75 | M51: 71 | N51: 292 | T51: 42 | U51: Sam Burns | V51: Sam Burns | W51: =+VLOOKUP(V51,$F$10:$N$105,5,FALSE) -> 73 | X51: =+VLOOKUP(V51,$F$10:$N$105,6,FALSE) -> 70 | Y51: =+VLOOKUP(V51,$F$10:$N$105,7,FALSE) -> 75 | Z51: =+VLOOKUP($V51,$F$10:$N$105,8,FALSE) -> 75 | AA51: =+VLOOKUP(V51,$F$10:$N$105,9,FALSE) -> 293
D52: T42 | E52: - | F52: Danny Willett | G52: 4 | H52: 1 | I52: F | J52: 75 | K52: 71 | L52: 73 | M52: 73 | N52: 292 | T52: 43 | U52: Davis Thompson | V52: Davis Thompson | W52: =+VLOOKUP(V52,$F$10:$N$105,5,FALSE) -> 71 | X52: =+VLOOKUP(V52,$F$10:$N$105,6,FALSE) -> 73 | Y52: =+VLOOKUP(V52,$F$10:$N$105,7,FALSE) -> 70 | Z52: =+VLOOKUP($V52,$F$10:$N$105,8,FALSE) -> 79 | AA52: =+VLOOKUP(V52,$F$10:$N$105,9,FALSE) -> 293
D53: T42 | E53: - | F53: J.T. Poston | G53: 4 | H53: 1 | I53: F | J53: 74 | K53: 72 | L53: 73 | M53: 73 | N53: 292 | T53: 44 | U53: Phil Mickelson | V53: Phil Mickelson | W53: =+VLOOKUP(V53,$F$10:$N$105,5,FALSE) -> 75 | X53: =+VLOOKUP(V53,$F$10:$N$105,6,FALSE) -> 74 | Y53: =+VLOOKUP(V53,$F$10:$N$105,7,FALSE) -> 80 | Z53: =+VLOOKUP($V53,$F$10:$N$105,8,FALSE) -> 85 | AA53: =+VLOOKUP(V53,$F$10:$N$105,9,FALSE) -> 314
D54: T42 | E54: 36 | F54: Shane Lowry | G54: 4 | H54: 9 | I54: F | J54: 71 | K54: 68 | L54: 72 | M54: 81 | N54: 292 | T54: 45 | U54: Billy Horschel | V54: Billy Horschel | W54: =+VLOOKUP(V54,$F$10:$N$105,5,FALSE) -> 77 | X54: =+VLOOKUP(V54,$F$10:$N$105,6,FALSE) -> 72 | Y54: =+VLOOKUP(V54,$F$10:$N$105,7,FALSE) -> 80 | Z54: =+VLOOKUP($V54,$F$10:$N$105,8,FALSE) -> 85 | AA54: =+VLOOKUP(V54,$F$10:$N$105,9,FALSE) -> 314
D55: T46 | E55: 4 | F55: Wyndham Clark | G55: 5 | H55: 2 | I55: F | J55: 76 | K55: 68 | L55: 75 | M55: 74 | N55: 293 | T55: 46 | U55: Taylor Pendrith | V55: Taylor Pendrith | W55: =+VLOOKUP(V55,$F$10:$N$105,5,FALSE) -> 77 | X55: =+VLOOKUP(V55,$F$10:$N$105,6,FALSE) -> 75 | Y55: =+VLOOKUP(V55,$F$10:$N$105,7,FALSE) -> 80 | Z55: =+VLOOKUP($V55,$F$10:$N$105,8,FALSE) -> 85 | AA55: =+VLOOKUP(V55,$F$10:$N$105,9,FALSE) -> 317
D56: T46 | E56: 9 | F56: Sam Burns | G56: 5 | H56: 3 | I56: F | J56: 73 | K56: 70 | L56: 75 | M56: 75 | N56: 293 | T56: 47 | U56: Byeong Hun An | V56: Byeong Hun An | W56: =+VLOOKUP(V56,$F$10:$N$105,5,FALSE) -> 74 | X56: =+VLOOKUP(V56,$F$10:$N$105,6,FALSE) -> 71 | Y56: =+VLOOKUP(V56,$F$10:$N$105,7,FALSE) -> 70 | Z56: =+VLOOKUP($V56,$F$10:$N$105,8,FALSE) -> 71 | AA56: =+VLOOKUP(V56,$F$10:$N$105,9,FALSE) -> 286
D57: T46 | E57: 29 | F57: Davis Thompson | G57: 5 | H57: 7 | I57: F | J57: 71 | K57: 73 | L57: 70 | M57: 79 | N57: 293 | T57: 48 | U57: Aaron Rai | V57: Aaron Rai | W57: =+VLOOKUP(V57,$F$10:$N$105,5,FALSE) -> 70 | X57: =+VLOOKUP(V57,$F$10:$N$105,6,FALSE) -> 74 | Y57: =+VLOOKUP(V57,$F$10:$N$105,7,FALSE) -> 73 | Z57: =+VLOOKUP($V57,$F$10:$N$105,8,FALSE) -> 70 | AA57: =+VLOOKUP(V57,$F$10:$N$105,9,FALSE) -> 287
D58: 49 | E58: 1 | F58: Min Woo Lee | G58: 6 | H58: 2 | I58: F | J58: 71 | K58: 72 | L58: 77 | M58: 74 | N58: 294 | T58: 49 | U58: Denny McCarthy | V58: Denny McCarthy | W58: =+VLOOKUP(V58,$F$10:$N$105,5,FALSE) -> 71 | X58: =+VLOOKUP(V58,$F$10:$N$105,6,FALSE) -> 75 | Y58: =+VLOOKUP(V58,$F$10:$N$105,7,FALSE) -> 71 | Z58: =+VLOOKUP($V58,$F$10:$N$105,8,FALSE) -> 71 | AA58: =+VLOOKUP(V58,$F$10:$N$105,9,FALSE) -> 288
D59: 50 | E59: 2 | F59: J.J. Spaun | G59: 7 | H59: 3 | I59: F | J59: 74 | K59: 72 | L59: 74 | M59: 75 | N59: 295 | T59: 50 | U59: Maverick McNealy | V59: Maverick McNealy | W59: =+VLOOKUP(V59,$F$10:$N$105,5,FALSE) -> 72 | X59: =+VLOOKUP(V59,$F$10:$N$105,6,FALSE) -> 73 | Y59: =+VLOOKUP(V59,$F$10:$N$105,7,FALSE) -> 71 | Z59: =+VLOOKUP($V59,$F$10:$N$105,8,FALSE) -> 73 | AA59: =+VLOOKUP(V59,$F$10:$N$105,9,FALSE) -> 289
D60: 51 | E60: 41 | F60: Nicolas Echavarria | G60: 8 | H60: 12 | I60: F | J60: 73 | K60: 70 | L60: 69 | M60: 84 | N60: 296 | T60: 51 | U60: Lucas Glover | V60: Lucas Glover | W60: =+VLOOKUP(V60,$F$10:$N$105,5,FALSE) -> 78 | X60: =+VLOOKUP(V60,$F$10:$N$105,6,FALSE) -> 74 | Y60: =+VLOOKUP(V60,$F$10:$N$105,7,FALSE) -> 80 | Z60: =+VLOOKUP($V60,$F$10:$N$105,8,FALSE) -> 85 | AA60: =+VLOOKUP(V60,$F$10:$N$105,9,FALSE) -> 317
D61: T52 | E61: 10 | F61: Stephan Jaeger | G61: 9 | H61: 6 | I61: F | J61: 72 | K61: 74 | L61: 73 | M61: 78 | N61: 297 | T61: 52 | U61: Thomas Detry | V61: Thomas Detry | W61: =+VLOOKUP(V61,$F$10:$N$105,5,FALSE) -> 79 | X61: =+VLOOKUP(V61,$F$10:$N$105,6,FALSE) -> 74 | Y61: =+VLOOKUP(V61,$F$10:$N$105,7,FALSE) -> 80 | Z61: =+VLOOKUP($V61,$F$10:$N$105,8,FALSE) -> 85 | AA61: =+VLOOKUP(V61,$F$10:$N$105,9,FALSE) -> 318
D62: T52 | E62: 15 | F62: Tom Kim | G62: 9 | H62: 7 | I62: F | J62: 73 | K62: 73 | L62: 72 | M62: 79 | N62: 297 | T62: 53 | U62: Michael Kim | V62: Michael Kim | W62: =+VLOOKUP(V62,$F$10:$N$105,5,FALSE) -> 71 | X62: =+VLOOKUP(V62,$F$10:$N$105,6,FALSE) -> 71 | Y62: =+VLOOKUP(V62,$F$10:$N$105,7,FALSE) -> 74 | Z62: =+VLOOKUP($V62,$F$10:$N$105,8,FALSE) -> 71 | AA62: =+VLOOKUP(V62,$F$10:$N$105,9,FALSE) -> 287
C63: The following players failed to make the cut at +2 | T63: 54 | U63: Cameron Young | V63: Cameron Young | W63: =+VLOOKUP(V63,$F$10:$N$105,5,FALSE) -> 72 | X63: =+VLOOKUP(V63,$F$10:$N$105,6,FALSE) -> 79 | Y63: =+VLOOKUP(V63,$F$10:$N$105,7,FALSE) -> 80 | Z63: =+VLOOKUP($V63,$F$10:$N$105,8,FALSE) -> 85 | AA63: =+VLOOKUP(V63,$F$10:$N$105,9,FALSE) -> 316
D64: - | E64: - | F64: Russell Henley | G64: CUT | H64: - | I64: CUT | J64: 79 | K64: 68 | L64: =+MAX(L$10:L$62)+1 -> 80 | M64: =+MAX(M$10:M$62)+1 -> 85 | N64: 312 | P64: =+SUM(J64:M64) -> 312 | T64: 55 | U64: Nicolai Højgaard | V64: Nicolai Højgaard | W64: =+VLOOKUP(V64,$F$10:$N$105,5,FALSE) -> 76 | X64: =+VLOOKUP(V64,$F$10:$N$105,6,FALSE) -> 74 | Y64: =+VLOOKUP(V64,$F$10:$N$105,7,FALSE) -> 80 | Z64: =+VLOOKUP($V64,$F$10:$N$105,8,FALSE) -> 85 | AA64: =+VLOOKUP(V64,$F$10:$N$105,9,FALSE) -> 315
D65: - | E65: - | F65: Chris Kirk | G65: CUT | H65: - | I65: CUT | J65: 75 | K65: 72 | L65: =+MAX(L$10:L$62)+1 -> 80 | M65: =+MAX(M$10:M$62)+1 -> 85 | N65: 312 | P65: =+SUM(J65:M65) -> 312 | T65: 56 | U65: Rasmus Højgaard | V65: Rasmus Højgaard | W65: =+VLOOKUP(V65,$F$10:$N$105,5,FALSE) -> 73 | X65: =+VLOOKUP(V65,$F$10:$N$105,6,FALSE) -> 67 | Y65: =+VLOOKUP(V65,$F$10:$N$105,7,FALSE) -> 75 | Z65: =+VLOOKUP($V65,$F$10:$N$105,8,FALSE) -> 74 | AA65: =+VLOOKUP(V65,$F$10:$N$105,9,FALSE) -> 289
D66: - | E66: - | F66: Dustin Johnson | G66: CUT | H66: - | I66: CUT | J66: 74 | K66: 73 | L66: =+MAX(L$10:L$62)+1 -> 80 | M66: =+MAX(M$10:M$62)+1 -> 85 | N66: 312 | P66: =+SUM(J66:M66) -> 312 | T66: 57 | U66: J.T. Poston | V66: J.T. Poston | W66: =+VLOOKUP(V66,$F$10:$N$105,5,FALSE) -> 74 | X66: =+VLOOKUP(V66,$F$10:$N$105,6,FALSE) -> 72 | Y66: =+VLOOKUP(V66,$F$10:$N$105,7,FALSE) -> 73 | Z66: =+VLOOKUP($V66,$F$10:$N$105,8,FALSE) -> 73 | AA66: =+VLOOKUP(V66,$F$10:$N$105,9,FALSE) -> 292
D67: - | E67: - | F67: Bernhard Langer | G67: CUT | H67: - | I67: CUT | J67: 74 | K67: 73 | L67: =+MAX(L$10:L$62)+1 -> 80 | M67: =+MAX(M$10:M$62)+1 -> 85 | N67: 312 | P67: =+SUM(J67:M67) -> 312 | T67: 58 | U67: Harris English | V67: Harris English | W67: =+VLOOKUP(V67,$F$10:$N$105,5,FALSE) -> 70 | X67: =+VLOOKUP(V67,$F$10:$N$105,6,FALSE) -> 73 | Y67: =+VLOOKUP(V67,$F$10:$N$105,7,FALSE) -> 73 | Z67: =+VLOOKUP($V67,$F$10:$N$105,8,FALSE) -> 68 | AA67: =+VLOOKUP(V67,$F$10:$N$105,9,FALSE) -> 284
D68: - | E68: - | F68: Keegan Bradley | G68: CUT | H68: - | I68: CUT | J68: 74 | K68: 73 | L68: =+MAX(L$10:L$62)+1 -> 80 | M68: =+MAX(M$10:M$62)+1 -> 85 | N68: 312 | P68: =+SUM(J68:M68) -> 312 | T68: 59 | U68: Laurie Canter | V68: Laurie Canter | W68: =+VLOOKUP(V68,$F$10:$N$105,5,FALSE) -> 77 | X68: =+VLOOKUP(V68,$F$10:$N$105,6,FALSE) -> 77 | Y68: =+VLOOKUP(V68,$F$10:$N$105,7,FALSE) -> 80 | Z68: =+VLOOKUP($V68,$F$10:$N$105,8,FALSE) -> 85 | AA68: =+VLOOKUP(V68,$F$10:$N$105,9,FALSE) -> 319
D69: - | E69: - | F69: Justin Hastings (a) | G69: CUT | H69: - | I69: CUT | J69: 76 | K69: 72 | L69: =+MAX(L$10:L$62)+1 -> 80 | M69: =+MAX(M$10:M$62)+1 -> 85 | N69: 313 | P69: =+SUM(J69:M69) -> 313 | T69: 60 | U69: Max Homa | V69: Max Homa | W69: =+VLOOKUP(V69,$F$10:$N$105,5,FALSE) -> 74 | X69: =+VLOOKUP(V69,$F$10:$N$105,6,FALSE) -> 70 | Y69: =+VLOOKUP(V69,$F$10:$N$105,7,FALSE) -> 69 | Z69: =+VLOOKUP($V69,$F$10:$N$105,8,FALSE) -> 71 | AA69: =+VLOOKUP(V69,$F$10:$N$105,9,FALSE) -> 284
D70: - | E70: - | F70: Joe Highsmith | G70: CUT | H70: - | I70: CUT | J70: 76 | K70: 72 | L70: =+MAX(L$10:L$62)+1 -> 80 | M70: =+MAX(M$10:M$62)+1 -> 85 | N70: 313 | P70: =+SUM(J70:M70) -> 313 | T70: 61 | U70: Stephan Jaeger | V70: Stephan Jaeger | W70: =+VLOOKUP(V70,$F$10:$N$105,5,FALSE) -> 72 | X70: =+VLOOKUP(V70,$F$10:$N$105,6,FALSE) -> 74 | Y70: =+VLOOKUP(V70,$F$10:$N$105,7,FALSE) -> 73 | Z70: =+VLOOKUP($V70,$F$10:$N$105,8,FALSE) -> 78 | AA70: =+VLOOKUP(V70,$F$10:$N$105,9,FALSE) -> 297
D71: - | E71: - | F71: Rafael Campos | G71: CUT | H71: - | I71: CUT | J71: 75 | K71: 73 | L71: =+MAX(L$10:L$62)+1 -> 80 | M71: =+MAX(M$10:M$62)+1 -> 85 | N71: 313 | P71: =+SUM(J71:M71) -> 313 | T71: 62 | U71: Nick Taylor | V71: Nick Taylor | W71: =+VLOOKUP(V71,$F$10:$N$105,5,FALSE) -> 73 | X71: =+VLOOKUP(V71,$F$10:$N$105,6,FALSE) -> 71 | Y71: =+VLOOKUP(V71,$F$10:$N$105,7,FALSE) -> 74 | Z71: =+VLOOKUP($V71,$F$10:$N$105,8,FALSE) -> 73 | AA71: =+VLOOKUP(V71,$F$10:$N$105,9,FALSE) -> 291
D72: - | E72: - | F72: Mike Weir | G72: CUT | H72: - | I72: CUT | J72: 75 | K72: 73 | L72: =+MAX(L$10:L$62)+1 -> 80 | M72: =+MAX(M$10:M$62)+1 -> 85 | N72: 313 | P72: =+SUM(J72:M72) -> 313 | T72: 63 | U72: Nicolas Echavarria | V72: Nicolas Echavarria | W72: =+VLOOKUP(V72,$F$10:$N$105,5,FALSE) -> 73 | X72: =+VLOOKUP(V72,$F$10:$N$105,6,FALSE) -> 70 | Y72: =+VLOOKUP(V72,$F$10:$N$105,7,FALSE) -> 69 | Z72: =+VLOOKUP($V72,$F$10:$N$105,8,FALSE) -> 84 | AA72: =+VLOOKUP(V72,$F$10:$N$105,9,FALSE) -> 296
D73: - | E73: - | F73: Tony Finau | G73: CUT | H73: - | I73: CUT | J73: 75 | K73: 73 | L73: =+MAX(L$10:L$62)+1 -> 80 | M73: =+MAX(M$10:M$62)+1 -> 85 | N73: 313 | P73: =+SUM(J73:M73) -> 313 | T73: 64 | U73: Christiaan Bezuidenhout | V73: Christiaan Bezuidenhout | W73: =+VLOOKUP(V73,$F$10:$N$105,5,FALSE) -> 76 | X73: =+VLOOKUP(V73,$F$10:$N$105,6,FALSE) -> 75 | Y73: =+VLOOKUP(V73,$F$10:$N$105,7,FALSE) -> 80 | Z73: =+VLOOKUP($V73,$F$10:$N$105,8,FALSE) -> 85 | AA73: =+VLOOKUP(V73,$F$10:$N$105,9,FALSE) -> 316
D74: - | E74: - | F74: Adam Schenk | G74: CUT | H74: - | I74: CUT | J74: 73 | K74: 75 | L74: =+MAX(L$10:L$62)+1 -> 80 | M74: =+MAX(M$10:M$62)+1 -> 85 | N74: 313 | P74: =+SUM(J74:M74) -> 313 | T74: 65 | U74: Joe Highsmith | V74: Joe Highsmith | W74: =+VLOOKUP(V74,$F$10:$N$105,5,FALSE) -> 76 | X74: =+VLOOKUP(V74,$F$10:$N$105,6,FALSE) -> 72 | Y74: =+VLOOKUP(V74,$F$10:$N$105,7,FALSE) -> 80 | Z74: =+VLOOKUP($V74,$F$10:$N$105,8,FALSE) -> 85 | AA74: =+VLOOKUP(V74,$F$10:$N$105,9,FALSE) -> 313
D75: - | E75: - | F75: Sergio Garcia | G75: CUT | H75: - | I75: CUT | J75: 72 | K75: 76 | L75: =+MAX(L$10:L$62)+1 -> 80 | M75: =+MAX(M$10:M$62)+1 -> 85 | N75: 313 | P75: =+SUM(J75:M75) -> 313 | T75: 66 | U75: Charl Schwartzel | V75: Charl Schwartzel | W75: =+VLOOKUP(V75,$F$10:$N$105,5,FALSE) -> 74 | X75: =+VLOOKUP(V75,$F$10:$N$105,6,FALSE) -> 72 | Y75: =+VLOOKUP(V75,$F$10:$N$105,7,FALSE) -> 72 | Z75: =+VLOOKUP($V75,$F$10:$N$105,8,FALSE) -> 72 | AA75: =+VLOOKUP(V75,$F$10:$N$105,9,FALSE) -> 290
... D104: - | E104: - | F104: Ángel Cabrera | G104: CUT | H104: - | I104: CUT | J104: 75 | K104: 80 | L104: =+MAX(L$10:L$62)+1 -> 80 | M104: =+MAX(M$10:M$62)+1 -> 85 | N104: 320 | P104: =+SUM(J104:M104) -> 320 | T104: 95 | U104: Zach Johnson | V104: Zach Johnson | W104: =+VLOOKUP(V104,$F$10:$N$105,5,FALSE) -> 72 | X104: =+VLOOKUP(V104,$F$10:$N$105,6,FALSE) -> 74 | Y104: =+VLOOKUP(V104,$F$10:$N$105,7,FALSE) -> 66 | Z104: =+VLOOKUP($V104,$F$10:$N$105,8,FALSE) -> 71 | AA104: =+VLOOKUP(V104,$F$10:$N$105,9,FALSE) -> 283
D105: - | E105: - | F105: Nick Dunlap | G105: CUT | H105: - | I105: CUT | J105: 90 | K105: 71 | L105: =+MAX(L$10:L$62)+1 -> 80 | M105: =+MAX(M$10:M$62)+1 -> 85 | N105: 326 | P105: =+SUM(J105:M105) -> 326 | T105: 0 | U105: No Player | V105: No Player | W105: =+MAX(W10:W104)+1 -> 91 | X105: =+MAX(X10:X104)+1 -> 81 | Y105: =+MAX(Y10:Y104)+1 -> 81 | Z105: =+MAX(Z10:Z104)+1 -> 86 | AA105: =+MAX(AA10:AA104)+1 -> 327

Sheet work
A1: Team # | B1: Team | C1: Captain | D1: Initials | E1: Golfer 1 | F1: Golfer 2 | G1: Golfer 3 | H1: Golfer 4 | I1: Golfer 5 | J1: Golfer 6 | K1: Golfer 7 | L1: Golfer 8 | AB1: double | AC1: triple
A2: 1 | B2: Just when I thought I was out, they pull me back in | C2: Paul Castergine | D2: PC | E2: Ludvig Aberg | F2: Brooks Koepka | G2: Tommy Fleetwood | H2: Patrick Cantlay | I2: Sergio Garcia | J2: Sergio Garcia | K2: Jordan Spieth | L2: Cameron Young | N2: =+VLOOKUP(E2,$AG$3:$AI$98,3,FALSE) -> 0.042278278 | O2: =+VLOOKUP(F2,$AG$3:$AI$98,3,FALSE) -> 0.023184862 | P2: =+VLOOKUP(G2,$AG$3:$AI$98,3,FALSE) -> 0.019964742 | Q2: =+VLOOKUP(H2,$AG$3:$AI$98,3,FALSE) -> 0.019964742 | R2: =+VLOOKUP(I2,$AG$3:$AI$98,3,FALSE) -> 0.0088732188 | S2: =+VLOOKUP(J2,$AG$3:$AI$98,3,FALSE) -> 0.0088732188 | T2: =+VLOOKUP(K2,$AG$3:$AI$98,3,FALSE) -> 0.021139139 | U2: =+VLOOKUP(L2,$AG$3:$AI$98,3,FALSE) -> 0.0042031037 | W2: {=+SUM((N2:U2)^2)} -> 0.0037441698 | Y2: =8-COUNTIF(N2:U2,"=0") -> 8 | AA2: {=SUM(--(COUNTIFS(E2:L2, E2:L2) > 1))} -> 2 | AB2: 1 | AC2: 0 | AF2: Code | AG2: Golfer | AH2: odds | AI2: probability
A3: 2 | B3: Subpar Effort | C3: Nick Hooten | D3: NH | E3: Xander Schauffele | F3: Xander Schauffele | G3: Brooks Koepka | H3: Brooks Koepka | I3: Tony Finau | J3: Tony Finau | K3: Cameron Young | L3: Maverick McNealy | N3: =+VLOOKUP(E3,$AG$3:$AI$98,3,FALSE) -> 0.037827933 | O3: =+VLOOKUP(F3,$AG$3:$AI$98,3,FALSE) -> 0.037827933 | P3: =+VLOOKUP(G3,$AG$3:$AI$98,3,FALSE) -> 0.023184862 | Q3: =+VLOOKUP(H3,$AG$3:$AI$98,3,FALSE) -> 0.023184862 | R3: =+VLOOKUP(I3,$AG$3:$AI$98,3,FALSE) -> 0.0094569832 | S3: =+VLOOKUP(J3,$AG$3:$AI$98,3,FALSE) -> 0.0094569832 | T3: =+VLOOKUP(K3,$AG$3:$AI$98,3,FALSE) -> 0.0042031037 | U3: =+VLOOKUP(L3,$AG$3:$AI$98,3,FALSE) -> 0.0047598061 | W3: {=+SUM((N3:U3)^2)} -> 0.0041561716 | Y3: =8-COUNTIF(N3:U3,"=0") -> 8 | AA3: {=SUM(--(COUNTIFS(E3:L3, E3:L3) > 1))} -> 6 | AB3: 3 | AC3: 0 | AF3: 1 | AG3: Scottie Scheffler | AH3: 450 | AI3: 0.13067831 | AL3: 17.9
A4: 3 | B4: Minnesota Miracle | C4: Thad Williams | D4: TW | E4: Collin Morikawa | F4: Hideki Matsuyama | G4: Hideki Matsuyama | H4: Brooks Koepka | I4: Robert MacIntyre | J4: Will Zalatoris | K4: Phil Mickelson | L4: Laurie Canter | N4: =+VLOOKUP(E4,$AG$3:$AI$98,3,FALSE) -> 0.042278278 | O4: =+VLOOKUP(F4,$AG$3:$AI$98,3,FALSE) -> 0.024783818 | P4: =+VLOOKUP(G4,$AG$3:$AI$98,3,FALSE) -> 0.024783818 | Q4: =+VLOOKUP(H4,$AG$3:$AI$98,3,FALSE) -> 0.023184862 | R4: =+VLOOKUP(I4,$AG$3:$AI$98,3,FALSE) -> 0.012834477 | S4: =+VLOOKUP(J4,$AG$3:$AI$98,3,FALSE) -> 0.012834477 | T4: =+VLOOKUP(K4,$AG$3:$AI$98,3,FALSE) -> 0.0059399233 | U4: =+VLOOKUP(L4,$AG$3:$AI$98,3,FALSE) -> 0.0032521752 | W4: =+STDEV(N4:U4) -> 0.012650961 | Y4: =8-COUNTIF(N4:U4,"=0") -> 8 | AA4: {=SUM(--(COUNTIFS(E4:L4, E4:L4) > 1))} -> 2 | AB4: 1 | AC4: 0 | AF4: 2 | AG4: Rory McIlroy | AH4: 650 | AI4: 0.095830763 | AL4: 1267.5
A5: 4 | B5: Play the fade | C5: Dan Riordan | D5: DR | E5: Ludvig Aberg | F5: Justin Thomas | G5: Hideki Matsuyama | H5: Russell Henley | I5: Akshay Bhatia | J5: Akshay Bhatia | K5: Corey Conners | L5: Lucas Glover | N5: =+VLOOKUP(E5,$AG$3:$AI$98,3,FALSE) -> 0.042278278 | O5: =+VLOOKUP(F5,$AG$3:$AI$98,3,FALSE) -> 0.031249162 | P5: =+VLOOKUP(G5,$AG$3:$AI$98,3,FALSE) -> 0.024783818 | Q5: =+VLOOKUP(H5,$AG$3:$AI$98,3,FALSE) -> 0.014092759 | R5: =+VLOOKUP(I5,$AG$3:$AI$98,3,FALSE) -> 0.010889859 | S5: =+VLOOKUP(J5,$AG$3:$AI$98,3,FALSE) -> 0.010889859 | T5: =+VLOOKUP(K5,$AG$3:$AI$98,3,FALSE) -> 0.010889859 | U5: =+VLOOKUP(L5,$AG$3:$AI$98,3,FALSE) -> 0.0042031037 | W5: =+STDEV(N5:U5) -> 0.012899601 | Y5: =8-COUNTIF(N5:U5,"=0") -> 8 | AA5: {=SUM(--(COUNTIFS(E5:L5, E5:L5) > 1))} -> 2 | AB5: 1 | AC5: 0 | AF5: 3 | AG5: Jon Rahm | AH5: 1400 | AI5: 0.047915382 | AL5: =+AL4/AL3 -> 70.810056
A6: 5 | B6: I Need A Pain Sponge | C6: Rob Schoen | D6: RS | E6: Justin Thomas | F6: Justin Thomas | G6: Shane Lowry | H6: Russell Henley | I6: Russell Henley | J6: Robert MacIntyre | K6: Min Woo Lee | L6: Will Zalatoris | N6: =+VLOOKUP(E6,$AG$3:$AI$98,3,FALSE) -> 0.031249162 | O6: =+VLOOKUP(F6,$AG$3:$AI$98,3,FALSE) -> 0.031249162 | P6: =+VLOOKUP(G6,$AG$3:$AI$98,3,FALSE) -> 0.019964742 | Q6: =+VLOOKUP(H6,$AG$3:$AI$98,3,FALSE) -> 0.014092759 | R6: =+VLOOKUP(I6,$AG$3:$AI$98,3,FALSE) -> 0.014092759 | S6: =+VLOOKUP(J6,$AG$3:$AI$98,3,FALSE) -> 0.012834477 | T6: =+VLOOKUP(K6,$AG$3:$AI$98,3,FALSE) -> 0.012834477 | U6: =+VLOOKUP(L6,$AG$3:$AI$98,3,FALSE) -> 0.012834477 | W6: =+STDEV(N6:U6) -> 0.0081258303 | Y6: =8-COUNTIF(N6:U6,"=0") -> 8 | AA6: {=SUM(--(COUNTIFS(E6:L6, E6:L6) > 1))} -> 4 | AB6: 2 | AC6: 0 | AF6: 4 | AG6: Ludvig Aberg | AH6: 1600 | AI6: 0.042278278
A7: 6 | B7: Fire Nico | C7: Dan Lahrman | D7: DL | E7: Viktor Hovland | F7: Viktor Hovland | G7: Jordan Spieth | H7: Jordan Spieth | I7: Hideki Matsuyama | J7: Hideki Matsuyama | K7: Jason Day | L7: Jason Day | N7: =+VLOOKUP(E7,$AG$3:$AI$98,3,FALSE) -> 0.019964742 | O7: =+VLOOKUP(F7,$AG$3:$AI$98,3,FALSE) -> 0.019964742 | P7: =+VLOOKUP(G7,$AG$3:$AI$98,3,FALSE) -> 0.021139139 | Q7: =+VLOOKUP(H7,$AG$3:$AI$98,3,FALSE) -> 0.021139139 | R7: =+VLOOKUP(I7,$AG$3:$AI$98,3,FALSE) -> 0.024783818 | S7: =+VLOOKUP(J7,$AG$3:$AI$98,3,FALSE) -> 0.024783818 | T7: =+VLOOKUP(K7,$AG$3:$AI$98,3,FALSE) -> 0.0088732188 | U7: =+VLOOKUP(L7,$AG$3:$AI$98,3,FALSE) -> 0.0088732188 | W7: =+STDEV(N7:U7) -> 0.006349962 | Y7: =8-COUNTIF(N7:U7,"=0") -> 8 | AA7: {=SUM(--(COUNTIFS(E7:L7, E7:L7) > 1))} -> 8 | AB7: 4 | AC7: 0 | AF7: 5 | AG7: Collin Morikawa | AH7: 1600 | AI7: 0.042278278
A8: 7 | B8: Gold Jacket, Green Jacket… | C8: Jon Schreiber | D8: JS | E8: Collin Morikawa | F8: Collin Morikawa | G8: Collin Morikawa | H8: Patrick Reed | I8: Maverick McNealy | J8: Cameron Young | K8: Stephan Jaeger | L8: Max Greyserman | N8: =+VLOOKUP(E8,$AG$3:$AI$98,3,FALSE) -> 0.042278278 | O8: =+VLOOKUP(F8,$AG$3:$AI$98,3,FALSE) -> 0.042278278 | P8: =+VLOOKUP(G8,$AG$3:$AI$98,3,FALSE) -> 0.042278278 | Q8: =+VLOOKUP(H8,$AG$3:$AI$98,3,FALSE) -> 0.0088732188 | R8: =+VLOOKUP(I8,$AG$3:$AI$98,3,FALSE) -> 0.0047598061 | S8: =+VLOOKUP(J8,$AG$3:$AI$98,3,FALSE) -> 0.0042031037 | T8: =+VLOOKUP(K8,$AG$3:$AI$98,3,FALSE) -> 0.0026521429 | U8: =+VLOOKUP(L8,$AG$3:$AI$98,3,FALSE) -> 0.0023878097 | W8: =+STDEV(N8:U8) -> 0.019612241 | Y8: =8-COUNTIF(N8:U8,"=0") -> 8 | AA8: {=SUM(--(COUNTIFS(E8:L8, E8:L8) > 1))} -> 3 | AB8: 0 | AC8: 1 | AF8: 6 | AG8: Xander Schauffele | AH8: 1800 | AI8: 0.037827933
A9: 8 | B9: LaPlant | C9: Matt LaPlant | D9: ML | E9: Xander Schauffele | F9: Xander Schauffele | G9: Bryson DeChambeau | H9: Shane Lowry | I9: Corey Conners | J9: Sepp Straka | K9: No Player | L9: No Player | N9: =+VLOOKUP(E9,$AG$3:$AI$98,3,FALSE) -> 0.037827933 | O9: =+VLOOKUP(F9,$AG$3:$AI$98,3,FALSE) -> 0.037827933 | P9: =+VLOOKUP(G9,$AG$3:$AI$98,3,FALSE) -> 0.034225273 | Q9: =+VLOOKUP(H9,$AG$3:$AI$98,3,FALSE) -> 0.019964742 | R9: =+VLOOKUP(I9,$AG$3:$AI$98,3,FALSE) -> 0.010889859 | S9: =+VLOOKUP(J9,$AG$3:$AI$98,3,FALSE) -> 0.0088732188 | T9: =+VLOOKUP(K9,$AG$3:$AI$98,3,FALSE) -> 0 | U9: =+VLOOKUP(L9,$AG$3:$AI$98,3,FALSE) -> 0 | W9: =+STDEV(N9:U9) -> 0.016174642 | Y9: =8-COUNTIF(N9:U9,"=0") -> 6 | AA9: {=SUM(--(COUNTIFS(E9:L9, E9:L9) > 1))} -> 4 | AB9: 1 | AC9: 0 | AF9: 7 | AG9: Bryson DeChambeau | AH9: 2000 | AI9: 0.034225273
A10: 9 | B10: Henley and the Double Eagles | C10: Adrian Chan | D10: AC | E10: Collin Morikawa | F10: Collin Morikawa | G10: Russell Henley | H10: Robert MacIntyre | I10: Robert MacIntyre | J10: Will Zalatoris | K10: Will Zalatoris | L10: No Player | N10: =+VLOOKUP(E10,$AG$3:$AI$98,3,FALSE) -> 0.042278278 | O10: =+VLOOKUP(F10,$AG$3:$AI$98,3,FALSE) -> 0.042278278 | P10: =+VLOOKUP(G10,$AG$3:$AI$98,3,FALSE) -> 0.014092759 | Q10: =+VLOOKUP(H10,$AG$3:$AI$98,3,FALSE) -> 0.012834477 | R10: =+VLOOKUP(I10,$AG$3:$AI$98,3,FALSE) -> 0.012834477 | S10: =+VLOOKUP(J10,$AG$3:$AI$98,3,FALSE) -> 0.012834477 | T10: =+VLOOKUP(K10,$AG$3:$AI$98,3,FALSE) -> 0.012834477 | U10: =+VLOOKUP(L10,$AG$3:$AI$98,3,FALSE) -> 0 | W10: =+STDEV(N10:U10) -> 0.015214588 | Y10: =8-COUNTIF(N10:U10,"=0") -> 7 | AA10: {=SUM(--(COUNTIFS(E10:L10, E10:L10) > 1))} -> 6 | AB10: 3 | AC10: 0 | AF10: 8 | AG10: Justin Thomas | AH10: 2200 | AI10: 0.031249162
A11: 10 | B11: The Long Irons | C11: Kathryn Michalewicz | D11: KM | E11: Rory McIlroy | F11: Tommy Fleetwood | G11: Viktor Hovland | H11: Min Woo Lee | I11: Matthieu Pavon | J11: No Player | K11: No Player | L11: No Player | N11: =+VLOOKUP(E11,$AG$3:$AI$98,3,FALSE) -> 0.095830763 | O11: =+VLOOKUP(F11,$AG$3:$AI$98,3,FALSE) -> 0.019964742 | P11: =+VLOOKUP(G11,$AG$3:$AI$98,3,FALSE) -> 0.019964742 | Q11: =+VLOOKUP(H11,$AG$3:$AI$98,3,FALSE) -> 0.012834477 | R11: =+VLOOKUP(I11,$AG$3:$AI$98,3,FALSE) -> 0.0014345923 | S11: =+VLOOKUP(J11,$AG$3:$AI$98,3,FALSE) -> 0 | T11: =+VLOOKUP(K11,$AG$3:$AI$98,3,FALSE) -> 0 | U11: =+VLOOKUP(L11,$AG$3:$AI$98,3,FALSE) -> 0 | W11: =+STDEV(N11:U11) -> 0.032368193 | Y11: =8-COUNTIF(N11:U11,"=0") -> 5 | AA11: {=SUM(--(COUNTIFS(E11:L11, E11:L11) > 1))} -> 3 | AB11: 0 | AC11: 0 | AF11: 9 | AG11: Joaquin Niemann | AH11: 2800 | AI11: 0.024783818
A12: 11 | B12: Every day in Moving Day | C12: James Fetch | D12: JF | E12: Jon Rahm | F12: Bryson DeChambeau | G12: Brooks Koepka | H12: Jordan Spieth | I12: Patrick Reed | J12: Justin Rose | K12: Nicolai Højgaard | L12: Harris English | N12: =+VLOOKUP(E12,$AG$3:$AI$98,3,FALSE) -> 0.047915382 | O12: =+VLOOKUP(F12,$AG$3:$AI$98,3,FALSE) -> 0.034225273 | P12: =+VLOOKUP(G12,$AG$3:$AI$98,3,FALSE) -> 0.023184862 | Q12: =+VLOOKUP(H12,$AG$3:$AI$98,3,FALSE) -> 0.021139139 | R12: =+VLOOKUP(I12,$AG$3:$AI$98,3,FALSE) -> 0.0088732188 | S12: =+VLOOKUP(J12,$AG$3:$AI$98,3,FALSE) -> 0.0064750516 | T12: =+VLOOKUP(K12,$AG$3:$AI$98,3,FALSE) -> 0.0035757748 | U12: =+VLOOKUP(L12,$AG$3:$AI$98,3,FALSE) -> 0.0032521752 | W12: =+STDEV(N12:U12) -> 0.016186032 | Y12: =8-COUNTIF(N12:U12,"=0") -> 8 | AA12: {=SUM(--(COUNTIFS(E12:L12, E12:L12) > 1))} -> 0 | AB12: 0 | AC12: 0 | AF12: 10 | AG12: Hideki Matsuyama | AH12: 2800 | AI12: 0.024783818
A13: 12 | B13: Lafferty, Daniel | C13: Brad McLaughlin | D13: BM | E13: Ludvig Aberg | F13: Collin Morikawa | G13: Viktor Hovland | H13: Bryson DeChambeau | I13: Tony Finau | J13: Nick Dunlap | K13: No Player | L13: No Player | N13: =+VLOOKUP(E13,$AG$3:$AI$98,3,FALSE) -> 0.042278278 | O13: =+VLOOKUP(F13,$AG$3:$AI$98,3,FALSE) -> 0.042278278 | P13: =+VLOOKUP(G13,$AG$3:$AI$98,3,FALSE) -> 0.019964742 | Q13: =+VLOOKUP(H13,$AG$3:$AI$98,3,FALSE) -> 0.034225273 | R13: =+VLOOKUP(I13,$AG$3:$AI$98,3,FALSE) -> 0.0094569832 | S13: =+VLOOKUP(J13,$AG$3:$AI$98,3,FALSE) -> 0.0017923459 | T13: =+VLOOKUP(K13,$AG$3:$AI$98,3,FALSE) -> 0 | U13: =+VLOOKUP(L13,$AG$3:$AI$98,3,FALSE) -> 0 | W13: =+STDEV(N13:U13) -> 0.018613231 | Y13: =8-COUNTIF(N13:U13,"=0") -> 6 | AA13: {=SUM(--(COUNTIFS(E13:L13, E13:L13) > 1))} -> 2 | AB13: 0 | AC13: 0 | AF13: 11 | AG13: Brooks Koepka | AH13: 3000 | AI13: 0.023184862
A14: 13 | B14: Five Dollars Guaranteed | C14: Robbie Donahoe | D14: RD | E14: Joaquin Niemann | F14: Joaquin Niemann | G14: Joaquin Niemann | H14: Akshay Bhatia | I14: Akshay Bhatia | J14: Akshay Bhatia | K14: Collin Morikawa | L14: No Player | N14: =+VLOOKUP(E14,$AG$3:$AI$98,3,FALSE) -> 0.024783818 | O14: =+VLOOKUP(F14,$AG$3:$AI$98,3,FALSE) -> 0.024783818 | P14: =+VLOOKUP(G14,$AG$3:$AI$98,3,FALSE) -> 0.024783818 | Q14: =+VLOOKUP(H14,$AG$3:$AI$98,3,FALSE) -> 0.010889859 | R14: =+VLOOKUP(I14,$AG$3:$AI$98,3,FALSE) -> 0.010889859 | S14: =+VLOOKUP(J14,$AG$3:$AI$98,3,FALSE) -> 0.010889859 | T14: =+VLOOKUP(K14,$AG$3:$AI$98,3,FALSE) -> 0.042278278 | U14: =+VLOOKUP(L14,$AG$3:$AI$98,3,FALSE) -> 0 | W14: =+STDEV(N14:U14) -> 0.013091149 | Y14: =8-COUNTIF(N14:U14,"=0") -> 7 | AA14: {=SUM(--(COUNTIFS(E14:L14, E14:L14) > 1))} -> 6 | AB14: 0 | AC14: 2 | AF14: 12 | AG14: Jordan Spieth | AH14: 3300 | AI14: 0.021139139
A15: 14 | B15: District Five | C15: Tucker Donahoe | D15: TD | E15: Ludvig Aberg | F15: Russell Henley | G15: Russell Henley | H15: Russell Henley | I15: Cameron Smith | J15: Cameron Smith | K15: Cameron Smith | L15: Brooks Koepka | N15: =+VLOOKUP(E15,$AG$3:$AI$98,3,FALSE) -> 0.042278278 | O15: =+VLOOKUP(F15,$AG$3:$AI$98,3,FALSE) -> 0.014092759 | P15: =+VLOOKUP(G15,$AG$3:$AI$98,3,FALSE) -> 0.014092759 | Q15: =+VLOOKUP(H15,$AG$3:$AI$98,3,FALSE) -> 0.014092759 | R15: =+VLOOKUP(I15,$AG$3:$AI$98,3,FALSE) -> 0.011782471 | S15: =+VLOOKUP(J15,$AG$3:$AI$98,3,FALSE) -> 0.011782471 | T15: =+VLOOKUP(K15,$AG$3:$AI$98,3,FALSE) -> 0.011782471 | U15: =+VLOOKUP(L15,$AG$3:$AI$98,3,FALSE) -> 0.023184862 | W15: =+STDEV(N15:U15) -> 0.010542339 | Y15: =8-COUNTIF(N15:U15,"=0") -> 8 | AA15: {=SUM(--(COUNTIFS(E15:L15, E15:L15) > 1))} -> 6 | AB15: 0 | AC15: 2 | AF15: 13 | AG15: Tommy Fleetwood | AH15: 3500 | AI15: 0.019964742
A16: 15 | B16: Ludvig Levered 2x Daily | C16: Jacob Norris | D16: JN | E16: Ludvig Aberg | F16: Ludvig Aberg | G16: Russell Henley | H16: Russell Henley | I16: Viktor Hovland | J16: Patrick Reed | K16: Lucas Glover | L16: Lucas Glover | N16: =+VLOOKUP(E16,$AG$3:$AI$98,3,FALSE) -> 0.042278278 | O16: =+VLOOKUP(F16,$AG$3:$AI$98,3,FALSE) -> 0.042278278 | P16: =+VLOOKUP(G16,$AG$3:$AI$98,3,FALSE) -> 0.014092759 | Q16: =+VLOOKUP(H16,$AG$3:$AI$98,3,FALSE) -> 0.014092759 | R16: =+VLOOKUP(I16,$AG$3:$AI$98,3,FALSE) -> 0.019964742 | S16: =+VLOOKUP(J16,$AG$3:$AI$98,3,FALSE) -> 0.0088732188 | T16: =+VLOOKUP(K16,$AG$3:$AI$98,3,FALSE) -> 0.0042031037 | U16: =+VLOOKUP(L16,$AG$3:$AI$98,3,FALSE) -> 0.0042031037 | W16: =+STDEV(N16:U16) -> 0.015458656 | Y16: =8-COUNTIF(N16:U16,"=0") -> 8 | AA16: {=SUM(--(COUNTIFS(E16:L16, E16:L16) > 1))} -> 6 | AB16: 3 | AC16: 0 | AF16: 14 | AG16: Shane Lowry | AH16: 3500 | AI16: 0.019964742
A17: 16 | B17: All in on Collin | C17: Brett Goldstein | D17: BG | E17: Collin Morikawa | F17: Collin Morikawa | G17: Collin Morikawa | H17: Shane Lowry | I17: Max Homa | J17: No Player | K17: No Player | L17: No Player | N17: =+VLOOKUP(E17,$AG$3:$AI$98,3,FALSE) -> 0.042278278 | O17: =+VLOOKUP(F17,$AG$3:$AI$98,3,FALSE) -> 0.042278278 | P17: =+VLOOKUP(G17,$AG$3:$AI$98,3,FALSE) -> 0.042278278 | Q17: =+VLOOKUP(H17,$AG$3:$AI$98,3,FALSE) -> 0.019964742 | R17: =+VLOOKUP(I17,$AG$3:$AI$98,3,FALSE) -> 0.002863469 | S17: =+VLOOKUP(J17,$AG$3:$AI$98,3,FALSE) -> 0 | T17: =+VLOOKUP(K17,$AG$3:$AI$98,3,FALSE) -> 0 | U17: =+VLOOKUP(L17,$AG$3:$AI$98,3,FALSE) -> 0 | W17: =+STDEV(N17:U17) -> 0.020595667 | Y17: =8-COUNTIF(N17:U17,"=0") -> 5 | AA17: {=SUM(--(COUNTIFS(E17:L17, E17:L17) > 1))} -> 6 | AB17: 0 | AC17: 1 | AF17: 15 | AG17: Viktor Hovland | AH17: 3500 | AI17: 0.019964742
... A40: 39 | B40: The Chipinskis | C40: Peter Sharpe | D40: PS | E40: Collin Morikawa | F40: Xander Schauffele | G40: Tom Hoge | H40: Tyrrell Hatton | I40: Min Woo Lee | J40: Shane Lowry | K40: Brian Harman | L40: Corey Conners | N40: =+VLOOKUP(E40,$AG$3:$AI$98,3,FALSE) -> 0.042278278 | O40: =+VLOOKUP(F40,$AG$3:$AI$98,3,FALSE) -> 0.037827933 | P40: =+VLOOKUP(G40,$AG$3:$AI$98,3,FALSE) -> 0.0020476659 | Q40: =+VLOOKUP(H40,$AG$3:$AI$98,3,FALSE) -> 0.017530018 | R40: =+VLOOKUP(I40,$AG$3:$AI$98,3,FALSE) -> 0.012834477 | S40: =+VLOOKUP(J40,$AG$3:$AI$98,3,FALSE) -> 0.019964742 | T40: =+VLOOKUP(K40,$AG$3:$AI$98,3,FALSE) -> 0.0064750516 | U40: =+VLOOKUP(L40,$AG$3:$AI$98,3,FALSE) -> 0.010889859 | W40: =+STDEV(N40:U40) -> 0.014377194 | Y40: =8-COUNTIF(N40:U40,"=0") -> 8 | AA40: {=SUM(--(COUNTIFS(E40:L40, E40:L40) > 1))} -> 0 | AB40: 0 | AC40: 0 | AF40: 38 | AG40: Brian Harman | AH40: 11000 | AI40: 0.0064750516
AF41: 39 | AG41: Matt Fitzpatrick | AH41: 12000 | AI41: 0.0059399233
X42: # golfers | Y42: count | AB42: doubles | AC42: triples | AF42: 40 | AG42: Adam Scott | AH42: 12000 | AI42: 0.0059399233
X43: 8 | Y43: =+COUNTIF(Y$2:Y$40,"=8") -> 18 | AA43: 0 | AB43: =+COUNTIF(AB$2:AB$40,"=0") -> 19 | AC43: =+COUNTIF(AC$2:AC$40,"=0") -> 32 | AF43: 41 | AG43: J. J. Spaun | AH43: 12000 | AI43: 0.0059399233
X44: 7 | Y44: =+COUNTIF(Y$2:Y$40,"=7") -> 3 | AA44: 1 | AB44: =+COUNTIF(AB$2:AB$40,"=1") -> 11 | AC44: =+COUNTIF(AC$2:AC$40,"=1") -> 5 | AF44: 42 | AG44: Sam Burns | AH44: 12000 | AI44: 0.0059399233
X45: 6 | Y45: =+COUNTIF(Y$2:Y$40,"=6") -> 10 | AA45: 2 | AB45: =+COUNTIF(AB$2:AB$40,"=2") -> 4 | AC45: =+COUNTIF(AC$2:AC$40,"=2") -> 2 | AF45: 43 | AG45: Davis Thompson | AH45: 12000 | AI45: 0.0059399233
X46: 5 | Y46: =+COUNTIF(Y$2:Y$40,"=5") -> 6 | AA46: 3 | AB46: =+COUNTIF(AB$2:AB$40,"=3") -> 4 | AC46: =+COUNTIF(AC$2:AC$40,"=3") -> 0 | AF46: 44 | AG46: Phil Mickelson | AH46: 12000 | AI46: 0.0059399233
X47: 4 | Y47: =+COUNTIF(Y$2:Y$40,"=4") -> 2 | AA47: 4 | AB47: =+COUNTIF(AB$2:AB$40,"=4") -> 1 | AC47: =+COUNTIF(AC$2:AC$40,"=4") -> 0 | AF47: 45 | AG47: Billy Horschel | AH47: 15000 | AI47: 0.0047598061
AF48: 46 | AG48: Taylor Pendrith | AH48: 15000 | AI48: 0.0047598061
AF49: 47 | AG49: Byeong Hun An | AH49: 15000 | AI49: 0.0047598061
AF50: 48 | AG50: Aaron Rai | AH50: 15000 | AI50: 0.0047598061
AF51: 49 | AG51: Denny McCarthy | AH51: 15000 | AI51: 0.0047598061
AF52: 50 | AG52: Maverick McNealy | AH52: 15000 | AI52: 0.0047598061
AF53: 51 | AG53: Lucas Glover | AH53: 17000 | AI53: 0.0042031037
AF54: 52 | AG54: Thomas Detry | AH54: 17000 | AI54: 0.0042031037
AF55: 53 | AG55: Michael Kim | AH55: 17000 | AI55: 0.0042031037
AF56: 54 | AG56: Cameron Young | AH56: 17000 | AI56: 0.0042031037
AF57: 55 | AG57: Nicolai Højgaard | AH57: 20000 | AI57: 0.0035757748
AF58: 56 | AG58: Rasmus Højgaard | AH58: 20000 | AI58: 0.0035757748
AF59: 57 | AG59: J.T. Poston | AH59: 22000 | AI59: 0.0032521752
... AF98: 0 | AG98: No Player | AH98: 100000 | AI98: 0
